/*
SQLyog Ultimate v11.11 (64 bit)
MySQL - 5.5.5-10.3.17-MariaDB : Database - fotoberdb
*********************************************************************
*/

/*!40101 SET NAMES utf8 */;

/*!40101 SET SQL_MODE=''*/;

/*!40014 SET @OLD_UNIQUE_CHECKS=@@UNIQUE_CHECKS, UNIQUE_CHECKS=0 */;
/*!40014 SET @OLD_FOREIGN_KEY_CHECKS=@@FOREIGN_KEY_CHECKS, FOREIGN_KEY_CHECKS=0 */;
/*!40101 SET @OLD_SQL_MODE=@@SQL_MODE, SQL_MODE='NO_AUTO_VALUE_ON_ZERO' */;
/*!40111 SET @OLD_SQL_NOTES=@@SQL_NOTES, SQL_NOTES=0 */;
CREATE DATABASE /*!32312 IF NOT EXISTS*/`fotoberdb` /*!40100 DEFAULT CHARACTER SET latin1 */;

USE `fotoberdb`;

/*Table structure for table `ads` */

DROP TABLE IF EXISTS `ads`;

CREATE TABLE `ads` (
  `id` bigint(11) NOT NULL AUTO_INCREMENT,
  `name` varchar(150) DEFAULT NULL COMMENT 'Tên của slide',
  `link` varchar(250) DEFAULT NULL COMMENT 'Đường dẫn ảnh',
  `url` varchar(250) DEFAULT NULL COMMENT 'Đường dẫn liên kết',
  `start_date` datetime DEFAULT NULL COMMENT 'Ngày bắt đầu',
  `end_date` datetime DEFAULT NULL COMMENT 'Ngày kết thúc',
  `sort` int(2) DEFAULT NULL COMMENT 'Thứ tự của slide',
  `status` tinyint(1) DEFAULT NULL COMMENT 'Trạng thái: 0 - tạm dừng, 1 - Hiển thị, 2 - Khóa',
  `created_at` datetime DEFAULT NULL,
  `updated_at` datetime DEFAULT NULL,
  PRIMARY KEY (`id`)
) ENGINE=InnoDB DEFAULT CHARSET=utf8mb4;

/*Data for the table `ads` */

/*Table structure for table `configs` */

DROP TABLE IF EXISTS `configs`;

CREATE TABLE `configs` (
  `id` bigint(11) NOT NULL AUTO_INCREMENT,
  `name` varchar(100) DEFAULT NULL COMMENT 'Tên biến',
  `code` varchar(150) DEFAULT NULL COMMENT 'Mã biến',
  `description` text DEFAULT NULL COMMENT 'Mô tả',
  `value` varchar(200) DEFAULT NULL COMMENT 'Giá trị của biến',
  `created_by` int(11) DEFAULT NULL COMMENT 'Người tạo',
  `created_at` datetime DEFAULT NULL,
  `updated_at` datetime DEFAULT NULL,
  PRIMARY KEY (`id`)
) ENGINE=InnoDB AUTO_INCREMENT=3 DEFAULT CHARSET=utf8mb4;

/*Data for the table `configs` */

insert  into `configs`(`id`,`name`,`code`,`description`,`value`,`created_by`,`created_at`,`updated_at`) values (1,'Khách hàng mới','CUSTOMER_NEW','Mức hoa hồng cho khách hàng sử dụng dịch vụ lần đầu','10',2,'2021-09-20 00:16:40','2021-09-20 00:16:42'),(2,'Khách hàng cũ','CUSTOMER_OLD','Mức hoa hồng cho khách hàng sử dụng dịch vụ từ lần thứ 2 trở đi','5',2,'2021-09-20 00:16:40','2021-09-20 00:16:42');

/*Table structure for table `failed_jobs` */

DROP TABLE IF EXISTS `failed_jobs`;

CREATE TABLE `failed_jobs` (
  `id` bigint(20) unsigned NOT NULL AUTO_INCREMENT,
  `connection` text COLLATE utf8mb4_unicode_ci NOT NULL,
  `queue` text COLLATE utf8mb4_unicode_ci NOT NULL,
  `payload` longtext COLLATE utf8mb4_unicode_ci NOT NULL,
  `exception` longtext COLLATE utf8mb4_unicode_ci NOT NULL,
  `failed_at` timestamp NOT NULL DEFAULT current_timestamp(),
  PRIMARY KEY (`id`)
) ENGINE=InnoDB DEFAULT CHARSET=utf8mb4 COLLATE=utf8mb4_unicode_ci;

/*Data for the table `failed_jobs` */

/*Table structure for table `group_role` */

DROP TABLE IF EXISTS `group_role`;

CREATE TABLE `group_role` (
  `group_id` int(11) NOT NULL COMMENT 'ID của bảng groups',
  `role_id` int(11) NOT NULL COMMENT 'ID của bảng roles',
  PRIMARY KEY (`group_id`,`role_id`)
) ENGINE=InnoDB DEFAULT CHARSET=utf8mb4;

/*Data for the table `group_role` */

/*Table structure for table `groups` */

DROP TABLE IF EXISTS `groups`;

CREATE TABLE `groups` (
  `id` bigint(11) NOT NULL AUTO_INCREMENT,
  `name` varchar(50) NOT NULL COMMENT 'Tên của nhóm quyền',
  `code` varchar(25) NOT NULL COMMENT 'Mã nhóm',
  `description` text DEFAULT NULL COMMENT 'Mô tả',
  `status` tinyint(1) DEFAULT 1 COMMENT '0: Chưa kích hoạt, 1: Đã kích hoạt, 2: Khóa',
  `created_by` int(11) DEFAULT NULL COMMENT 'Id người tạo trong bảng users',
  `created_at` datetime DEFAULT NULL,
  `updated_at` datetime DEFAULT NULL,
  PRIMARY KEY (`id`)
) ENGINE=InnoDB AUTO_INCREMENT=7 DEFAULT CHARSET=utf8;

/*Data for the table `groups` */

insert  into `groups`(`id`,`name`,`code`,`description`,`status`,`created_by`,`created_at`,`updated_at`) values (1,'CUSTOMER','CUSTOMER','Nhóm Khách hàng',1,NULL,'2021-08-15 12:35:53','2021-08-15 12:35:53'),(2,'SALE','SALE','Nhóm Sale',1,NULL,'2021-08-15 12:35:53','2021-08-15 12:35:53'),(3,'ADMIN','ADMIN','Nhóm Admin',1,NULL,'2021-08-15 12:35:53','2021-08-15 12:35:53'),(4,'EDITOR','EDITOR','Nhóm Editor',1,NULL,'2021-08-15 12:35:53','2021-08-15 12:35:53'),(5,'QAQC','QAQC','Nhóm QA/QC',1,NULL,'2021-08-15 12:35:53','2021-08-15 12:35:53'),(6,'SUPER_ADMIN','SUPER_ADMIN','Nhóm Super Admin',1,NULL,'2021-08-15 12:35:53','2021-08-15 12:35:53');

/*Table structure for table `inputs` */

DROP TABLE IF EXISTS `inputs`;

CREATE TABLE `inputs` (
  `id` int(11) NOT NULL AUTO_INCREMENT,
  `order_id` int(11) DEFAULT NULL COMMENT 'ID của order',
  `customer_id` int(11) DEFAULT NULL COMMENT 'ID của customer',
  `name` varchar(100) DEFAULT NULL COMMENT 'Tên file',
  `type` varchar(10) DEFAULT NULL COMMENT 'UPLOAD, LINK',
  `link` varchar(200) DEFAULT NULL COMMENT 'URL link',
  `file` varchar(200) DEFAULT NULL COMMENT 'URL File',
  `created_at` datetime DEFAULT NULL,
  `updated_at` datetime DEFAULT NULL,
  PRIMARY KEY (`id`)
) ENGINE=InnoDB AUTO_INCREMENT=36 DEFAULT CHARSET=utf8mb4;

/*Data for the table `inputs` */

insert  into `inputs`(`id`,`order_id`,`customer_id`,`name`,`type`,`link`,`file`,`created_at`,`updated_at`) values (23,9,1,'1634111566_0_9.png','UPLOAD',NULL,'uploads/order/2021/10/1634111566_0_9.png','2021-10-13 14:52:46','2021-10-13 14:52:46'),(24,9,1,'1634111566_1_9.png','UPLOAD',NULL,'uploads/order/2021/10/1634111566_1_9.png','2021-10-13 14:52:46','2021-10-13 14:52:46'),(25,9,1,'1634111566_2_9.png','UPLOAD',NULL,'uploads/order/2021/10/1634111566_2_9.png','2021-10-13 14:52:46','2021-10-13 14:52:46'),(26,9,1,'1634111566_3_9.zip','UPLOAD',NULL,'uploads/order/2021/10/1634111566_3_9.zip','2021-10-13 14:52:46','2021-10-13 14:52:46'),(27,10,13,NULL,'LINK','dropbox.com/adfref',NULL,'2021-10-13 15:18:57','2021-10-13 15:18:57'),(28,11,14,NULL,'LINK','https://drive.google.com/drive/folders/1jkdgNQSluFBvBKddYM30_LAnD635S_el',NULL,'2021-10-13 15:40:16','2021-10-13 15:40:16'),(29,12,1,NULL,'LINK','https://drive.google.com/drive/folders/1jkdgNQSluFBvBKddYM30_LAnD635S_el',NULL,'2021-10-13 15:57:07','2021-10-13 15:57:07'),(30,13,16,NULL,'LINK','https://drive.google.com/drive/folders/1jkdgNQSluFBvBKddYM30_LAnD635S_el',NULL,'2021-10-14 14:52:06','2021-10-14 14:52:06'),(31,14,13,NULL,'LINK','https://drive.google.com/drive/folders/1jkdgNQSluFBvBKddYM30_LAnD635S_el',NULL,'2021-10-14 14:59:21','2021-10-14 14:59:21'),(32,14,13,NULL,'LINK','https://drive.google.com/drive/folders/1jkdgNQSluFBvBKddYM30_LAnD635S_el',NULL,'2021-10-14 14:59:21','2021-10-14 14:59:21'),(33,15,11,NULL,'LINK','https://www.dropbox.com/',NULL,'2021-10-14 15:13:02','2021-10-14 15:13:02'),(34,16,11,NULL,'LINK','https://www.dropbox.com/',NULL,'2021-10-14 15:16:45','2021-10-14 15:16:45'),(35,17,16,NULL,'LINK','https://drive.google.com/drive/folders/1jkdgNQSluFBvBKddYM30_LAnD635S_el',NULL,'2021-10-14 15:43:11','2021-10-14 15:43:11');

/*Table structure for table `jobs` */

DROP TABLE IF EXISTS `jobs`;

CREATE TABLE `jobs` (
  `id` bigint(20) unsigned NOT NULL AUTO_INCREMENT,
  `queue` varchar(191) COLLATE utf8mb4_unicode_ci NOT NULL,
  `payload` longtext COLLATE utf8mb4_unicode_ci NOT NULL,
  `attempts` tinyint(3) unsigned NOT NULL,
  `reserved_at` int(10) unsigned DEFAULT NULL,
  `available_at` int(10) unsigned NOT NULL,
  `created_at` int(10) unsigned NOT NULL,
  PRIMARY KEY (`id`),
  KEY `jobs_queue_index` (`queue`)
) ENGINE=InnoDB DEFAULT CHARSET=utf8mb4 COLLATE=utf8mb4_unicode_ci;

/*Data for the table `jobs` */

/*Table structure for table `kpis` */

DROP TABLE IF EXISTS `kpis`;

CREATE TABLE `kpis` (
  `id` int(11) NOT NULL AUTO_INCREMENT,
  `order_id` int(11) DEFAULT NULL COMMENT 'ID đơn hàng',
  `customer_id` int(11) DEFAULT NULL COMMENT 'ID khách hàng',
  `sale_id` int(11) DEFAULT NULL COMMENT 'ID sale',
  `service_id` int(11) DEFAULT NULL COMMENT 'ID của bảng services',
  `name_order` varchar(150) DEFAULT NULL COMMENT 'Tên order',
  `total_payment` float(12,1) DEFAULT NULL COMMENT 'Tổng tiền thanh toán',
  `commission` float(12,1) DEFAULT NULL COMMENT 'Tiền hoa hồng danh cho sale',
  `created_at` datetime DEFAULT NULL,
  `updated_at` datetime DEFAULT NULL,
  KEY `id` (`id`)
) ENGINE=InnoDB DEFAULT CHARSET=utf8mb4;

/*Data for the table `kpis` */

/*Table structure for table `libraries` */

DROP TABLE IF EXISTS `libraries`;

CREATE TABLE `libraries` (
  `id` bigint(20) unsigned NOT NULL AUTO_INCREMENT,
  `order_id` bigint(20) DEFAULT NULL COMMENT 'Id order',
  `customer_id` int(11) DEFAULT NULL COMMENT 'Id của KH ở bảng users',
  `message_id` bigint(20) DEFAULT NULL COMMENT 'Id đoạn chat nếu có',
  `name` varchar(255) DEFAULT NULL COMMENT 'Tên file, tên link',
  `link` varchar(255) DEFAULT NULL COMMENT 'Có thể tài nguyên là link',
  `type` varchar(25) DEFAULT 'IMAGE' COMMENT 'Loại định dạng: URL/IMAGE/VIDEO/FILE',
  `ext` varchar(5) DEFAULT NULL COMMENT 'Phần mở rộng: JPG/JPEG/PNG/RAR/ZIP/MP4/...',
  `size` int(11) DEFAULT 0 COMMENT 'Kích thước file, tính bằng MB',
  `duration` int(11) DEFAULT 0 COMMENT 'Thời gian nếu là Video',
  `height` int(11) DEFAULT 0 COMMENT 'Chiều cao nếu là ảnh',
  `width` int(11) DEFAULT 0 COMMENT 'Chiều rộng nếu là ảnh',
  `created_at` datetime DEFAULT NULL,
  `updated_at` datetime DEFAULT NULL,
  PRIMARY KEY (`id`)
) ENGINE=InnoDB DEFAULT CHARSET=utf8mb4;

/*Data for the table `libraries` */

/*Table structure for table `log_actions` */

DROP TABLE IF EXISTS `log_actions`;

CREATE TABLE `log_actions` (
  `id` bigint(20) unsigned NOT NULL AUTO_INCREMENT,
  `actor_id` int(11) DEFAULT NULL,
  `username` varchar(45) DEFAULT NULL,
  `action` varchar(45) DEFAULT NULL COMMENT 'ADDED, UPDATED, DELETED, WARNING_DEV, SUPPEND_DEV, SUPPEND_APP, RESET_PASSWORD',
  `description` text DEFAULT NULL,
  `model` varchar(50) DEFAULT NULL,
  `table` varchar(50) DEFAULT NULL,
  `record_id` bigint(20) DEFAULT NULL,
  `ip_address` varchar(45) DEFAULT NULL,
  `created_at` datetime DEFAULT NULL,
  `updated_at` datetime DEFAULT NULL,
  PRIMARY KEY (`id`)
) ENGINE=InnoDB DEFAULT CHARSET=utf8mb4;

/*Data for the table `log_actions` */

/*Table structure for table `log_auths` */

DROP TABLE IF EXISTS `log_auths`;

CREATE TABLE `log_auths` (
  `id` int(11) NOT NULL AUTO_INCREMENT,
  `session_id` varchar(100) DEFAULT NULL COMMENT 'ID của session login',
  `user_id` bigint(20) DEFAULT NULL COMMENT 'ID user login',
  `action_type` varchar(45) CHARACTER SET utf8 COLLATE utf8_unicode_ci DEFAULT NULL COMMENT 'LOGIN, LOGOUT',
  `logged_in_at` datetime DEFAULT NULL COMMENT 'Thời điểm login',
  `account_input` varchar(50) CHARACTER SET utf8 COLLATE utf8_unicode_ci DEFAULT NULL COMMENT 'Tên tk login',
  `logged_out_at` datetime DEFAULT NULL COMMENT 'Thời gian logout',
  `user_agent` text CHARACTER SET utf8 COLLATE utf8_unicode_ci DEFAULT NULL COMMENT 'Thông tin trình duyệt',
  `duration` int(11) DEFAULT 0 COMMENT 'Thời gian login hệ thống',
  `ip_address` varchar(30) CHARACTER SET utf8 COLLATE utf8_unicode_ci DEFAULT NULL COMMENT 'Địa chỉ ip client',
  `result` varchar(45) CHARACTER SET utf8 COLLATE utf8_unicode_ci DEFAULT NULL COMMENT 'SUCCESS, FAILED',
  `created_at` datetime DEFAULT NULL,
  `updated_at` datetime DEFAULT NULL,
  PRIMARY KEY (`id`)
) ENGINE=InnoDB AUTO_INCREMENT=194 DEFAULT CHARSET=utf8mb4;

/*Data for the table `log_auths` */

insert  into `log_auths`(`id`,`session_id`,`user_id`,`action_type`,`logged_in_at`,`account_input`,`logged_out_at`,`user_agent`,`duration`,`ip_address`,`result`,`created_at`,`updated_at`) values (1,NULL,NULL,'LOGIN','2021-09-01 15:08:46','customer',NULL,NULL,0,NULL,'SUCCESS','2021-09-01 15:08:46','2021-09-01 15:08:46'),(2,NULL,NULL,'LOGIN','2021-09-03 15:41:14','sale',NULL,NULL,0,NULL,'SUCCESS','2021-09-03 15:41:14','2021-09-03 15:41:14'),(3,NULL,NULL,'LOGIN','2021-09-03 15:41:46','doanpv.sale',NULL,NULL,0,NULL,'SUCCESS','2021-09-03 15:41:46','2021-09-03 15:41:46'),(4,NULL,NULL,'LOGIN','2021-09-03 22:48:27','customer',NULL,NULL,0,NULL,'SUCCESS','2021-09-03 22:48:27','2021-09-03 22:48:27'),(5,NULL,NULL,'LOGIN','2021-09-03 22:49:06','doanpv.sale',NULL,NULL,0,NULL,'SUCCESS','2021-09-03 22:49:06','2021-09-03 22:49:06'),(6,NULL,NULL,'LOGIN','2021-09-03 22:49:55','sale',NULL,NULL,0,NULL,'SUCCESS','2021-09-03 22:49:55','2021-09-03 22:49:55'),(7,NULL,NULL,'LOGIN','2021-09-05 11:48:14','customer',NULL,NULL,0,NULL,'SUCCESS','2021-09-05 11:48:14','2021-09-05 11:48:14'),(8,NULL,NULL,'LOGIN','2021-09-05 15:20:30','customer',NULL,NULL,0,NULL,'SUCCESS','2021-09-05 15:20:30','2021-09-05 15:20:30'),(9,NULL,NULL,'LOGIN','2021-09-05 15:21:40','sale',NULL,NULL,0,NULL,'SUCCESS','2021-09-05 15:21:40','2021-09-05 15:21:40'),(10,NULL,NULL,'LOGIN','2021-09-06 00:32:03','sale',NULL,NULL,0,NULL,'SUCCESS','2021-09-06 00:32:03','2021-09-06 00:32:03'),(11,NULL,NULL,'LOGIN','2021-09-06 00:33:38','doanpv.sale',NULL,NULL,0,NULL,'SUCCESS','2021-09-06 00:33:38','2021-09-06 00:33:38'),(12,NULL,NULL,'LOGIN','2021-09-06 09:16:23','sale',NULL,NULL,0,NULL,'SUCCESS','2021-09-06 09:16:23','2021-09-06 09:16:23'),(13,NULL,NULL,'LOGIN','2021-09-06 09:44:31','sale',NULL,NULL,0,NULL,'SUCCESS','2021-09-06 09:44:31','2021-09-06 09:44:31'),(14,NULL,NULL,'LOGIN','2021-09-06 09:52:54','customer',NULL,NULL,0,NULL,'SUCCESS','2021-09-06 09:52:54','2021-09-06 09:52:54'),(15,NULL,NULL,'LOGIN','2021-09-06 09:54:31','sale',NULL,NULL,0,NULL,'SUCCESS','2021-09-06 09:54:31','2021-09-06 09:54:31'),(16,NULL,NULL,'LOGIN','2021-09-06 13:48:02','customer',NULL,NULL,0,NULL,'SUCCESS','2021-09-06 13:48:02','2021-09-06 13:48:02'),(17,NULL,NULL,'LOGIN','2021-09-08 22:47:41','sale',NULL,NULL,0,NULL,'SUCCESS','2021-09-08 22:47:41','2021-09-08 22:47:41'),(18,NULL,NULL,'LOGIN','2021-09-10 01:18:06','sale',NULL,NULL,0,NULL,'SUCCESS','2021-09-10 01:18:06','2021-09-10 01:18:06'),(19,NULL,NULL,'LOGIN','2021-09-10 11:36:10','sale',NULL,NULL,0,NULL,'SUCCESS','2021-09-10 11:36:10','2021-09-10 11:36:10'),(20,NULL,NULL,'LOGIN','2021-09-14 23:25:40','sale',NULL,NULL,0,NULL,'SUCCESS','2021-09-14 23:25:40','2021-09-14 23:25:40'),(21,NULL,NULL,'LOGIN','2021-09-15 02:23:12','sale',NULL,NULL,0,NULL,'SUCCESS','2021-09-15 02:23:12','2021-09-15 02:23:12'),(22,NULL,NULL,'LOGIN','2021-09-16 00:11:35','sale',NULL,NULL,0,NULL,'SUCCESS','2021-09-16 00:11:35','2021-09-16 00:11:35'),(23,NULL,NULL,'LOGIN','2021-09-16 00:22:35','customer',NULL,NULL,0,NULL,'SUCCESS','2021-09-16 00:22:35','2021-09-16 00:22:35'),(24,NULL,NULL,'LOGIN','2021-09-16 00:24:10','sale',NULL,NULL,0,NULL,'SUCCESS','2021-09-16 00:24:10','2021-09-16 00:24:10'),(25,NULL,NULL,'LOGIN','2021-09-16 00:25:02','customer',NULL,NULL,0,NULL,'SUCCESS','2021-09-16 00:25:02','2021-09-16 00:25:02'),(26,NULL,NULL,'LOGIN','2021-09-16 00:25:56','admin',NULL,NULL,0,NULL,'SUCCESS','2021-09-16 00:25:56','2021-09-16 00:25:56'),(27,NULL,NULL,'LOGIN','2021-09-16 01:22:14','editor',NULL,NULL,0,NULL,'SUCCESS','2021-09-16 01:22:14','2021-09-16 01:22:14'),(28,NULL,NULL,'LOGIN','2021-09-16 01:47:20','qaqc',NULL,NULL,0,NULL,'SUCCESS','2021-09-16 01:47:20','2021-09-16 01:47:20'),(29,NULL,NULL,'LOGIN','2021-09-17 00:16:35','superadmin',NULL,NULL,0,NULL,'SUCCESS','2021-09-17 00:16:35','2021-09-17 00:16:35'),(30,NULL,NULL,'LOGIN','2021-09-17 22:07:46','superadmin',NULL,NULL,0,NULL,'SUCCESS','2021-09-17 22:07:46','2021-09-17 22:07:46'),(31,NULL,NULL,'LOGIN','2021-09-18 00:52:50','superadmin',NULL,NULL,0,NULL,'SUCCESS','2021-09-18 00:52:50','2021-09-18 00:52:50'),(32,NULL,NULL,'LOGIN','2021-09-18 12:35:27','superadmin',NULL,NULL,0,NULL,'SUCCESS','2021-09-18 12:35:27','2021-09-18 12:35:27'),(33,NULL,NULL,'LOGIN','2021-09-18 16:41:34','superadmin',NULL,NULL,0,NULL,'SUCCESS','2021-09-18 16:41:34','2021-09-18 16:41:34'),(34,NULL,NULL,'LOGIN','2021-09-19 00:22:38','superadmin',NULL,NULL,0,NULL,'SUCCESS','2021-09-19 00:22:38','2021-09-19 00:22:38'),(35,NULL,NULL,'LOGIN','2021-09-19 22:40:51','superadmin',NULL,NULL,0,NULL,'SUCCESS','2021-09-19 22:40:51','2021-09-19 22:40:51'),(36,NULL,NULL,'LOGIN','2021-09-20 01:04:16','superadmin',NULL,NULL,0,NULL,'SUCCESS','2021-09-20 01:04:16','2021-09-20 01:04:16'),(37,NULL,NULL,'LOGIN','2021-09-20 21:30:30','customer',NULL,NULL,0,NULL,'SUCCESS','2021-09-20 21:30:30','2021-09-20 21:30:30'),(38,NULL,NULL,'LOGIN','2021-09-21 01:03:04','superadmin',NULL,NULL,0,NULL,'SUCCESS','2021-09-21 01:03:04','2021-09-21 01:03:04'),(39,NULL,NULL,'LOGIN','2021-09-21 01:03:38','customer',NULL,NULL,0,NULL,'SUCCESS','2021-09-21 01:03:38','2021-09-21 01:03:38'),(40,NULL,NULL,'LOGIN','2021-09-21 01:04:16','sale',NULL,NULL,0,NULL,'SUCCESS','2021-09-21 01:04:16','2021-09-21 01:04:16'),(41,NULL,NULL,'LOGIN','2021-09-21 09:47:30','customer',NULL,NULL,0,NULL,'SUCCESS','2021-09-21 09:47:30','2021-09-21 09:47:30'),(42,NULL,NULL,'LOGIN','2021-09-21 09:48:23','superadmin',NULL,NULL,0,NULL,'SUCCESS','2021-09-21 09:48:23','2021-09-21 09:48:23'),(43,NULL,NULL,'LOGIN','2021-09-21 12:28:37','customer',NULL,NULL,0,NULL,'SUCCESS','2021-09-21 12:28:37','2021-09-21 12:28:37'),(44,NULL,NULL,'LOGIN','2021-09-21 18:26:26','customer',NULL,NULL,0,NULL,'SUCCESS','2021-09-21 18:26:26','2021-09-21 18:26:26'),(45,NULL,NULL,'LOGIN','2021-09-21 18:41:40','sale',NULL,NULL,0,NULL,'SUCCESS','2021-09-21 18:41:40','2021-09-21 18:41:40'),(46,NULL,NULL,'LOGIN','2021-09-22 15:10:49','chuottui281@gmail.com',NULL,NULL,0,NULL,'SUCCESS','2021-09-22 15:10:49','2021-09-22 15:10:49'),(47,NULL,NULL,'LOGIN','2021-09-22 15:16:13','chuottui281@gmail.com',NULL,NULL,0,NULL,'SUCCESS','2021-09-22 15:16:13','2021-09-22 15:16:13'),(48,NULL,NULL,'LOGIN','2021-09-22 15:25:42','superadmin',NULL,NULL,0,NULL,'SUCCESS','2021-09-22 15:25:42','2021-09-22 15:25:42'),(49,NULL,NULL,'LOGIN','2021-09-22 15:59:45','superadmin',NULL,NULL,0,NULL,'SUCCESS','2021-09-22 15:59:45','2021-09-22 15:59:45'),(50,NULL,NULL,'LOGIN','2021-09-23 10:12:28','customer',NULL,NULL,0,NULL,'SUCCESS','2021-09-23 10:12:28','2021-09-23 10:12:28'),(51,NULL,NULL,'LOGIN','2021-09-23 10:57:40','sale',NULL,NULL,0,NULL,'SUCCESS','2021-09-23 10:57:40','2021-09-23 10:57:40'),(52,NULL,NULL,'LOGIN','2021-09-23 12:07:41','admin',NULL,NULL,0,NULL,'SUCCESS','2021-09-23 12:07:41','2021-09-23 12:07:41'),(53,NULL,NULL,'LOGIN','2021-09-23 12:16:58','editor',NULL,NULL,0,NULL,'SUCCESS','2021-09-23 12:16:58','2021-09-23 12:16:58'),(54,NULL,NULL,'LOGIN','2021-09-23 12:50:03','qaqc',NULL,NULL,0,NULL,'SUCCESS','2021-09-23 12:50:03','2021-09-23 12:50:03'),(55,NULL,NULL,'LOGIN','2021-09-23 13:24:02','sale',NULL,NULL,0,NULL,'SUCCESS','2021-09-23 13:24:02','2021-09-23 13:24:02'),(56,NULL,NULL,'LOGIN','2021-09-23 13:52:18','editor',NULL,NULL,0,NULL,'SUCCESS','2021-09-23 13:52:18','2021-09-23 13:52:18'),(57,NULL,NULL,'LOGIN','2021-09-23 14:33:55','customer',NULL,NULL,0,NULL,'SUCCESS','2021-09-23 14:33:55','2021-09-23 14:33:55'),(58,NULL,NULL,'LOGIN','2021-09-23 17:30:58','qaqc',NULL,NULL,0,NULL,'SUCCESS','2021-09-23 17:30:58','2021-09-23 17:30:58'),(59,NULL,NULL,'LOGIN','2021-09-23 17:31:40','admin',NULL,NULL,0,NULL,'SUCCESS','2021-09-23 17:31:40','2021-09-23 17:31:40'),(60,NULL,NULL,'LOGIN','2021-09-23 17:32:09','editor',NULL,NULL,0,NULL,'SUCCESS','2021-09-23 17:32:09','2021-09-23 17:32:09'),(61,NULL,NULL,'LOGIN','2021-09-23 22:58:48','admin',NULL,NULL,0,NULL,'SUCCESS','2021-09-23 22:58:48','2021-09-23 22:58:48'),(62,NULL,NULL,'LOGIN','2021-09-23 22:59:58','sale',NULL,NULL,0,NULL,'SUCCESS','2021-09-23 22:59:58','2021-09-23 22:59:58'),(63,NULL,NULL,'LOGIN','2021-09-23 23:01:27','qaqc',NULL,NULL,0,NULL,'SUCCESS','2021-09-23 23:01:27','2021-09-23 23:01:27'),(64,NULL,NULL,'LOGIN','2021-09-23 23:01:50','editor',NULL,NULL,0,NULL,'SUCCESS','2021-09-23 23:01:50','2021-09-23 23:01:50'),(65,NULL,NULL,'LOGIN','2021-09-23 23:03:28','customer',NULL,NULL,0,NULL,'SUCCESS','2021-09-23 23:03:28','2021-09-23 23:03:28'),(66,NULL,NULL,'LOGIN','2021-09-24 00:19:11','customer',NULL,NULL,0,NULL,'SUCCESS','2021-09-24 00:19:11','2021-09-24 00:19:11'),(67,NULL,NULL,'LOGIN','2021-09-24 00:20:55','sale',NULL,NULL,0,NULL,'SUCCESS','2021-09-24 00:20:55','2021-09-24 00:20:55'),(68,NULL,NULL,'LOGIN','2021-09-24 00:22:01','admin',NULL,NULL,0,NULL,'SUCCESS','2021-09-24 00:22:01','2021-09-24 00:22:01'),(69,NULL,NULL,'LOGIN','2021-09-24 00:22:36','editor',NULL,NULL,0,NULL,'SUCCESS','2021-09-24 00:22:36','2021-09-24 00:22:36'),(70,NULL,NULL,'LOGIN','2021-09-24 00:23:04','qaqc',NULL,NULL,0,NULL,'SUCCESS','2021-09-24 00:23:04','2021-09-24 00:23:04'),(71,NULL,NULL,'LOGIN','2021-09-24 00:23:48','superadmin',NULL,NULL,0,NULL,'SUCCESS','2021-09-24 00:23:48','2021-09-24 00:23:48'),(72,NULL,NULL,'LOGIN','2021-09-24 00:28:17','sale',NULL,NULL,0,NULL,'SUCCESS','2021-09-24 00:28:17','2021-09-24 00:28:17'),(73,NULL,NULL,'LOGIN','2021-09-24 00:38:24','superadmin',NULL,NULL,0,NULL,'SUCCESS','2021-09-24 00:38:24','2021-09-24 00:38:24'),(74,NULL,NULL,'LOGIN','2021-09-24 01:09:17','customer',NULL,NULL,0,NULL,'SUCCESS','2021-09-24 01:09:17','2021-09-24 01:09:17'),(75,NULL,NULL,'LOGIN','2021-09-24 01:39:59','customer',NULL,NULL,0,NULL,'SUCCESS','2021-09-24 01:39:59','2021-09-24 01:39:59'),(76,NULL,NULL,'LOGIN','2021-09-24 01:44:37','sale',NULL,NULL,0,NULL,'SUCCESS','2021-09-24 01:44:37','2021-09-24 01:44:37'),(77,NULL,NULL,'LOGIN','2021-09-25 09:22:51','customer',NULL,NULL,0,NULL,'SUCCESS','2021-09-25 09:22:51','2021-09-25 09:22:51'),(78,NULL,NULL,'LOGIN','2021-09-25 10:06:45','sale',NULL,NULL,0,NULL,'SUCCESS','2021-09-25 10:06:45','2021-09-25 10:06:45'),(79,NULL,NULL,'LOGIN','2021-09-25 11:36:20','superadmin',NULL,NULL,0,NULL,'SUCCESS','2021-09-25 11:36:20','2021-09-25 11:36:20'),(80,NULL,NULL,'LOGIN','2021-09-25 12:32:25','qaqc',NULL,NULL,0,NULL,'SUCCESS','2021-09-25 12:32:25','2021-09-25 12:32:25'),(81,NULL,NULL,'LOGIN','2021-09-25 12:37:16','customer',NULL,NULL,0,NULL,'SUCCESS','2021-09-25 12:37:16','2021-09-25 12:37:16'),(82,NULL,NULL,'LOGIN','2021-09-25 17:20:30','customer',NULL,NULL,0,NULL,'SUCCESS','2021-09-25 17:20:30','2021-09-25 17:20:30'),(83,NULL,NULL,'LOGIN','2021-09-25 17:26:54','tranvanminh30398@gmail.com',NULL,NULL,0,NULL,'SUCCESS','2021-09-25 17:26:54','2021-09-25 17:26:54'),(84,NULL,NULL,'LOGIN','2021-09-25 17:30:25','sale',NULL,NULL,0,NULL,'SUCCESS','2021-09-25 17:30:25','2021-09-25 17:30:25'),(85,NULL,NULL,'LOGIN','2021-09-25 17:53:57','minh.sale',NULL,NULL,0,NULL,'SUCCESS','2021-09-25 17:53:57','2021-09-25 17:53:57'),(86,NULL,NULL,'LOGIN','2021-09-25 20:39:20','minh.sale',NULL,NULL,0,NULL,'SUCCESS','2021-09-25 20:39:20','2021-09-25 20:39:20'),(87,NULL,NULL,'LOGIN','2021-09-25 20:40:12','tranvanminh30398@gmail.com',NULL,NULL,0,NULL,'SUCCESS','2021-09-25 20:40:12','2021-09-25 20:40:12'),(88,NULL,NULL,'LOGIN','2021-09-25 20:48:12','sale',NULL,NULL,0,NULL,'SUCCESS','2021-09-25 20:48:12','2021-09-25 20:48:12'),(89,NULL,NULL,'LOGIN','2021-09-25 20:49:08','minh.sale',NULL,NULL,0,NULL,'SUCCESS','2021-09-25 20:49:08','2021-09-25 20:49:08'),(90,NULL,NULL,'LOGIN','2021-09-25 21:02:22','minh.sale',NULL,NULL,0,NULL,'SUCCESS','2021-09-25 21:02:22','2021-09-25 21:02:22'),(91,NULL,NULL,'LOGIN','2021-09-26 01:03:23','sale',NULL,NULL,0,NULL,'SUCCESS','2021-09-26 01:03:23','2021-09-26 01:03:23'),(92,NULL,NULL,'LOGIN','2021-09-26 01:04:17','minh.sale',NULL,NULL,0,NULL,'SUCCESS','2021-09-26 01:04:17','2021-09-26 01:04:17'),(93,NULL,NULL,'LOGIN','2021-09-26 23:55:58','sale',NULL,NULL,0,NULL,'SUCCESS','2021-09-26 23:55:58','2021-09-26 23:55:58'),(94,NULL,NULL,'LOGIN','2021-09-29 08:55:15','customer',NULL,NULL,0,NULL,'SUCCESS','2021-09-29 08:55:15','2021-09-29 08:55:15'),(95,NULL,NULL,'LOGIN','2021-09-29 09:24:03','sale',NULL,NULL,0,NULL,'SUCCESS','2021-09-29 09:24:03','2021-09-29 09:24:03'),(96,NULL,NULL,'LOGIN','2021-09-29 09:39:08','minh.sale',NULL,NULL,0,NULL,'SUCCESS','2021-09-29 09:39:08','2021-09-29 09:39:08'),(97,NULL,NULL,'LOGIN','2021-09-29 11:27:24','superadmin',NULL,NULL,0,NULL,'SUCCESS','2021-09-29 11:27:24','2021-09-29 11:27:24'),(98,NULL,NULL,'LOGIN','2021-09-29 12:24:49','customer',NULL,NULL,0,NULL,'SUCCESS','2021-09-29 12:24:49','2021-09-29 12:24:49'),(99,NULL,NULL,'LOGIN','2021-09-29 12:27:15','admin',NULL,NULL,0,NULL,'SUCCESS','2021-09-29 12:27:15','2021-09-29 12:27:15'),(100,NULL,NULL,'LOGIN','2021-09-29 12:28:51','editor',NULL,NULL,0,NULL,'SUCCESS','2021-09-29 12:28:51','2021-09-29 12:28:51'),(101,NULL,NULL,'LOGIN','2021-09-29 12:37:43','editor',NULL,NULL,0,NULL,'SUCCESS','2021-09-29 12:37:43','2021-09-29 12:37:43'),(102,NULL,NULL,'LOGIN','2021-09-29 12:40:49','customer',NULL,NULL,0,NULL,'SUCCESS','2021-09-29 12:40:49','2021-09-29 12:40:49'),(103,NULL,NULL,'LOGIN','2021-09-29 12:44:25','customer',NULL,NULL,0,NULL,'SUCCESS','2021-09-29 12:44:25','2021-09-29 12:44:25'),(104,NULL,NULL,'LOGIN','2021-09-29 12:48:10','qaqc',NULL,NULL,0,NULL,'SUCCESS','2021-09-29 12:48:10','2021-09-29 12:48:10'),(105,NULL,NULL,'LOGIN','2021-09-29 12:50:19','editor',NULL,NULL,0,NULL,'SUCCESS','2021-09-29 12:50:19','2021-09-29 12:50:19'),(106,NULL,NULL,'LOGIN','2021-09-29 12:50:47','qaqc',NULL,NULL,0,NULL,'SUCCESS','2021-09-29 12:50:47','2021-09-29 12:50:47'),(107,NULL,NULL,'LOGIN','2021-09-29 12:51:28','customer',NULL,NULL,0,NULL,'SUCCESS','2021-09-29 12:51:28','2021-09-29 12:51:28'),(108,NULL,NULL,'LOGIN','2021-09-29 12:52:59','sale',NULL,NULL,0,NULL,'SUCCESS','2021-09-29 12:52:59','2021-09-29 12:52:59'),(109,NULL,NULL,'LOGIN','2021-09-29 12:53:34','customer',NULL,NULL,0,NULL,'SUCCESS','2021-09-29 12:53:34','2021-09-29 12:53:34'),(110,NULL,NULL,'LOGIN','2021-09-29 13:02:22','sale',NULL,NULL,0,NULL,'SUCCESS','2021-09-29 13:02:22','2021-09-29 13:02:22'),(111,NULL,NULL,'LOGIN','2021-09-29 13:33:51','customer',NULL,NULL,0,NULL,'SUCCESS','2021-09-29 13:33:51','2021-09-29 13:33:51'),(112,NULL,NULL,'LOGIN','2021-09-29 13:35:36','sale',NULL,NULL,0,NULL,'SUCCESS','2021-09-29 13:35:36','2021-09-29 13:35:36'),(113,NULL,NULL,'LOGIN','2021-09-29 13:44:43','editor',NULL,NULL,0,NULL,'SUCCESS','2021-09-29 13:44:43','2021-09-29 13:44:43'),(114,NULL,NULL,'LOGIN','2021-09-29 13:45:17','customer',NULL,NULL,0,NULL,'SUCCESS','2021-09-29 13:45:17','2021-09-29 13:45:17'),(115,NULL,NULL,'LOGIN','2021-09-29 13:49:07','qaqc',NULL,NULL,0,NULL,'SUCCESS','2021-09-29 13:49:07','2021-09-29 13:49:07'),(116,NULL,NULL,'LOGIN','2021-09-29 13:49:46','sale',NULL,NULL,0,NULL,'SUCCESS','2021-09-29 13:49:46','2021-09-29 13:49:46'),(117,NULL,NULL,'LOGIN','2021-10-05 10:16:22','customer',NULL,NULL,0,NULL,'SUCCESS','2021-10-05 10:16:22','2021-10-05 10:16:22'),(118,NULL,NULL,'LOGIN','2021-10-05 10:18:18','customer',NULL,NULL,0,NULL,'SUCCESS','2021-10-05 10:18:18','2021-10-05 10:18:18'),(119,NULL,NULL,'LOGIN','2021-10-06 14:30:09','customer',NULL,NULL,0,NULL,'SUCCESS','2021-10-06 14:30:09','2021-10-06 14:30:09'),(120,NULL,NULL,'LOGIN','2021-10-06 14:31:59','customer',NULL,NULL,0,NULL,'SUCCESS','2021-10-06 14:31:59','2021-10-06 14:31:59'),(121,NULL,NULL,'LOGIN','2021-10-06 18:57:47','customer',NULL,NULL,0,NULL,'SUCCESS','2021-10-06 18:57:47','2021-10-06 18:57:47'),(122,NULL,NULL,'LOGIN','2021-10-07 22:34:18','customer',NULL,NULL,0,NULL,'SUCCESS','2021-10-07 22:34:18','2021-10-07 22:34:18'),(123,NULL,NULL,'LOGIN','2021-10-07 22:46:26','customer',NULL,NULL,0,NULL,'SUCCESS','2021-10-07 22:46:26','2021-10-07 22:46:26'),(124,NULL,NULL,'LOGIN','2021-10-08 00:55:58','tranvanminh30398@gmail.com',NULL,NULL,0,NULL,'SUCCESS','2021-10-08 00:55:58','2021-10-08 00:55:58'),(125,NULL,NULL,'LOGIN','2021-10-08 00:57:30','minh.sale',NULL,NULL,0,NULL,'SUCCESS','2021-10-08 00:57:30','2021-10-08 00:57:30'),(126,NULL,NULL,'LOGIN','2021-10-08 01:02:11','sale',NULL,NULL,0,NULL,'SUCCESS','2021-10-08 01:02:11','2021-10-08 01:02:11'),(127,NULL,NULL,'LOGIN','2021-10-08 01:10:20','admin',NULL,NULL,0,NULL,'SUCCESS','2021-10-08 01:10:20','2021-10-08 01:10:20'),(128,NULL,NULL,'LOGIN','2021-10-08 01:12:04','qaqc',NULL,NULL,0,NULL,'SUCCESS','2021-10-08 01:12:04','2021-10-08 01:12:04'),(129,NULL,NULL,'LOGIN','2021-10-08 01:13:07','editor',NULL,NULL,0,NULL,'SUCCESS','2021-10-08 01:13:07','2021-10-08 01:13:07'),(130,NULL,NULL,'LOGIN','2021-10-08 01:14:33','qaqc',NULL,NULL,0,NULL,'SUCCESS','2021-10-08 01:14:33','2021-10-08 01:14:33'),(131,NULL,NULL,'LOGIN','2021-10-08 08:36:07','customer',NULL,NULL,0,NULL,'SUCCESS','2021-10-08 08:36:07','2021-10-08 08:36:07'),(132,NULL,NULL,'LOGIN','2021-10-08 08:49:24','customer',NULL,NULL,0,NULL,'SUCCESS','2021-10-08 08:49:24','2021-10-08 08:49:24'),(133,NULL,NULL,'LOGIN','2021-10-08 12:45:42','customer',NULL,NULL,0,NULL,'SUCCESS','2021-10-08 12:45:42','2021-10-08 12:45:42'),(134,NULL,NULL,'LOGIN','2021-10-08 13:26:13','tranvanminh30398@gmail.com',NULL,NULL,0,NULL,'SUCCESS','2021-10-08 13:26:13','2021-10-08 13:26:13'),(135,NULL,NULL,'LOGIN','2021-10-08 14:01:08','minh.sale',NULL,NULL,0,NULL,'SUCCESS','2021-10-08 14:01:08','2021-10-08 14:01:08'),(136,NULL,NULL,'LOGIN','2021-10-08 14:12:33','customer',NULL,NULL,0,NULL,'SUCCESS','2021-10-08 14:12:33','2021-10-08 14:12:33'),(137,NULL,NULL,'LOGIN','2021-10-13 14:23:22','customer',NULL,NULL,0,NULL,'SUCCESS','2021-10-13 14:23:22','2021-10-13 14:23:22'),(138,NULL,NULL,'LOGIN','2021-10-13 14:53:09','sale',NULL,NULL,0,NULL,'SUCCESS','2021-10-13 14:53:09','2021-10-13 14:53:09'),(139,NULL,NULL,'LOGIN','2021-10-13 14:53:38','customer',NULL,NULL,0,NULL,'SUCCESS','2021-10-13 14:53:38','2021-10-13 14:53:38'),(140,NULL,NULL,'LOGIN','2021-10-13 15:03:59','superadmin',NULL,NULL,0,NULL,'SUCCESS','2021-10-13 15:03:59','2021-10-13 15:03:59'),(141,NULL,NULL,'LOGIN','2021-10-13 15:09:51','minh.sale',NULL,NULL,0,NULL,'SUCCESS','2021-10-13 15:09:51','2021-10-13 15:09:51'),(142,NULL,NULL,'LOGIN','2021-10-13 15:14:09','superadmin',NULL,NULL,0,NULL,'SUCCESS','2021-10-13 15:14:09','2021-10-13 15:14:09'),(143,NULL,NULL,'LOGIN','2021-10-13 15:17:57','hoang.dangtc@gmail.com',NULL,NULL,0,NULL,'SUCCESS','2021-10-13 15:17:57','2021-10-13 15:17:57'),(144,NULL,NULL,'LOGIN','2021-10-13 15:19:14','sale',NULL,NULL,0,NULL,'SUCCESS','2021-10-13 15:19:14','2021-10-13 15:19:14'),(145,NULL,NULL,'LOGIN','2021-10-13 15:19:58','minh.sale',NULL,NULL,0,NULL,'SUCCESS','2021-10-13 15:19:58','2021-10-13 15:19:58'),(146,NULL,NULL,'LOGIN','2021-10-13 15:20:39','sale',NULL,NULL,0,NULL,'SUCCESS','2021-10-13 15:20:39','2021-10-13 15:20:39'),(147,NULL,NULL,'LOGIN','2021-10-13 15:21:36','minh.sale',NULL,NULL,0,NULL,'SUCCESS','2021-10-13 15:21:36','2021-10-13 15:21:36'),(148,NULL,NULL,'LOGIN','2021-10-13 15:22:52','sale',NULL,NULL,0,NULL,'SUCCESS','2021-10-13 15:22:52','2021-10-13 15:22:52'),(149,NULL,NULL,'LOGIN','2021-10-13 15:26:18','doanpv.sale',NULL,NULL,0,NULL,'SUCCESS','2021-10-13 15:26:18','2021-10-13 15:26:18'),(150,NULL,NULL,'LOGIN','2021-10-13 15:33:40','superadmin',NULL,NULL,0,NULL,'SUCCESS','2021-10-13 15:33:40','2021-10-13 15:33:40'),(151,NULL,NULL,'LOGIN','2021-10-13 15:38:35','superadmin',NULL,NULL,0,NULL,'SUCCESS','2021-10-13 15:38:35','2021-10-13 15:38:35'),(152,NULL,NULL,'LOGIN','2021-10-13 15:39:41','anhtuan@gmail.com',NULL,NULL,0,NULL,'SUCCESS','2021-10-13 15:39:41','2021-10-13 15:39:41'),(153,NULL,NULL,'LOGIN','2021-10-13 15:39:58','sale',NULL,NULL,0,NULL,'SUCCESS','2021-10-13 15:39:58','2021-10-13 15:39:58'),(154,NULL,NULL,'LOGIN','2021-10-13 15:40:32','sale',NULL,NULL,0,NULL,'SUCCESS','2021-10-13 15:40:32','2021-10-13 15:40:32'),(155,NULL,NULL,'LOGIN','2021-10-13 15:44:11','doanpv.sale',NULL,NULL,0,NULL,'SUCCESS','2021-10-13 15:44:11','2021-10-13 15:44:11'),(156,NULL,NULL,'LOGIN','2021-10-13 15:46:24','doanpv.sale',NULL,NULL,0,NULL,'SUCCESS','2021-10-13 15:46:24','2021-10-13 15:46:24'),(157,NULL,NULL,'LOGIN','2021-10-13 15:46:46','superadmin',NULL,NULL,0,NULL,'SUCCESS','2021-10-13 15:46:46','2021-10-13 15:46:46'),(158,NULL,NULL,'LOGIN','2021-10-13 15:53:29','customer',NULL,NULL,0,NULL,'SUCCESS','2021-10-13 15:53:29','2021-10-13 15:53:29'),(159,NULL,NULL,'LOGIN','2021-10-13 15:57:22','sale',NULL,NULL,0,NULL,'SUCCESS','2021-10-13 15:57:22','2021-10-13 15:57:22'),(160,NULL,NULL,'LOGIN','2021-10-13 16:02:01','doanpv.sale',NULL,NULL,0,NULL,'SUCCESS','2021-10-13 16:02:01','2021-10-13 16:02:01'),(161,NULL,NULL,'LOGIN','2021-10-13 16:04:58','sale',NULL,NULL,0,NULL,'SUCCESS','2021-10-13 16:04:58','2021-10-13 16:04:58'),(162,NULL,NULL,'LOGIN','2021-10-14 00:55:07','sale',NULL,NULL,0,NULL,'SUCCESS','2021-10-14 00:55:07','2021-10-14 00:55:07'),(163,NULL,NULL,'LOGIN','2021-10-14 01:11:16','customer',NULL,NULL,0,NULL,'SUCCESS','2021-10-14 01:11:16','2021-10-14 01:11:16'),(164,NULL,NULL,'LOGIN','2021-10-14 01:36:37','customer',NULL,NULL,0,NULL,'SUCCESS','2021-10-14 01:36:37','2021-10-14 01:36:37'),(165,NULL,NULL,'LOGIN','2021-10-14 08:24:26','minh.sale',NULL,NULL,0,NULL,'SUCCESS','2021-10-14 08:24:26','2021-10-14 08:24:26'),(166,NULL,NULL,'LOGIN','2021-10-14 14:25:14','sale',NULL,NULL,0,NULL,'SUCCESS','2021-10-14 14:25:14','2021-10-14 14:25:14'),(167,NULL,NULL,'LOGIN','2021-10-14 14:55:03','doanpv.sale',NULL,NULL,0,NULL,'SUCCESS','2021-10-14 14:55:03','2021-10-14 14:55:03'),(168,NULL,NULL,'LOGIN','2021-10-14 14:58:19','sale',NULL,NULL,0,NULL,'SUCCESS','2021-10-14 14:58:19','2021-10-14 14:58:19'),(169,NULL,NULL,'LOGIN','2021-10-14 14:59:07','doanpv.sale',NULL,NULL,0,NULL,'SUCCESS','2021-10-14 14:59:07','2021-10-14 14:59:07'),(170,NULL,NULL,'LOGIN','2021-10-14 15:01:13','admin',NULL,NULL,0,NULL,'SUCCESS','2021-10-14 15:01:13','2021-10-14 15:01:13'),(171,NULL,NULL,'LOGIN','2021-10-14 15:01:45','sale',NULL,NULL,0,NULL,'SUCCESS','2021-10-14 15:01:45','2021-10-14 15:01:45'),(172,NULL,NULL,'LOGIN','2021-10-14 15:03:15','editor',NULL,NULL,0,NULL,'SUCCESS','2021-10-14 15:03:15','2021-10-14 15:03:15'),(173,NULL,NULL,'LOGIN','2021-10-14 15:04:39','qaqc',NULL,NULL,0,NULL,'SUCCESS','2021-10-14 15:04:39','2021-10-14 15:04:39'),(174,NULL,NULL,'LOGIN','2021-10-14 15:05:40','admin',NULL,NULL,0,NULL,'SUCCESS','2021-10-14 15:05:40','2021-10-14 15:05:40'),(175,NULL,NULL,'LOGIN','2021-10-14 15:08:11','editor',NULL,NULL,0,NULL,'SUCCESS','2021-10-14 15:08:11','2021-10-14 15:08:11'),(176,NULL,NULL,'LOGIN','2021-10-14 15:08:47','qaqc',NULL,NULL,0,NULL,'SUCCESS','2021-10-14 15:08:47','2021-10-14 15:08:47'),(177,NULL,NULL,'LOGIN','2021-10-14 15:11:45','sale',NULL,NULL,0,NULL,'SUCCESS','2021-10-14 15:11:45','2021-10-14 15:11:45'),(178,NULL,NULL,'LOGIN','2021-10-14 15:11:55','editor',NULL,NULL,0,NULL,'SUCCESS','2021-10-14 15:11:55','2021-10-14 15:11:55'),(179,NULL,NULL,'LOGIN','2021-10-14 15:17:01','qaqc',NULL,NULL,0,NULL,'SUCCESS','2021-10-14 15:17:01','2021-10-14 15:17:01'),(180,NULL,NULL,'LOGIN','2021-10-14 15:22:55','editor',NULL,NULL,0,NULL,'SUCCESS','2021-10-14 15:22:55','2021-10-14 15:22:55'),(181,NULL,NULL,'LOGIN','2021-10-14 15:25:46','qaqc',NULL,NULL,0,NULL,'SUCCESS','2021-10-14 15:25:46','2021-10-14 15:25:46'),(182,NULL,NULL,'LOGIN','2021-10-14 15:27:51','wes@gmail.com',NULL,NULL,0,NULL,'SUCCESS','2021-10-14 15:27:51','2021-10-14 15:27:51'),(183,NULL,NULL,'LOGIN','2021-10-14 15:29:17','admin',NULL,NULL,0,NULL,'SUCCESS','2021-10-14 15:29:17','2021-10-14 15:29:17'),(184,NULL,NULL,'LOGIN','2021-10-14 15:32:41','doanpv.sale',NULL,NULL,0,NULL,'SUCCESS','2021-10-14 15:32:41','2021-10-14 15:32:41'),(185,NULL,NULL,'LOGIN','2021-10-14 15:34:48','wes@gmail.com',NULL,NULL,0,NULL,'SUCCESS','2021-10-14 15:34:48','2021-10-14 15:34:48'),(186,NULL,NULL,'LOGIN','2021-10-14 15:35:15','doanpv.sale',NULL,NULL,0,NULL,'SUCCESS','2021-10-14 15:35:15','2021-10-14 15:35:15'),(187,NULL,NULL,'LOGIN','2021-10-14 15:38:39','sale',NULL,NULL,0,NULL,'SUCCESS','2021-10-14 15:38:39','2021-10-14 15:38:39'),(188,NULL,NULL,'LOGIN','2021-10-14 15:42:20','wes@gmail.com',NULL,NULL,0,NULL,'SUCCESS','2021-10-14 15:42:20','2021-10-14 15:42:20'),(189,NULL,NULL,'LOGIN','2021-10-14 15:48:13','customer',NULL,NULL,0,NULL,'SUCCESS','2021-10-14 15:48:13','2021-10-14 15:48:13'),(190,NULL,NULL,'LOGIN','2021-10-14 15:48:55','wes@gmail.com',NULL,NULL,0,NULL,'SUCCESS','2021-10-14 15:48:55','2021-10-14 15:48:55'),(191,NULL,NULL,'LOGIN','2021-10-14 15:48:58','doanpv.sale',NULL,NULL,0,NULL,'SUCCESS','2021-10-14 15:48:58','2021-10-14 15:48:58'),(192,NULL,NULL,'LOGIN','2021-10-14 15:56:20','wes@gmail.com',NULL,NULL,0,NULL,'SUCCESS','2021-10-14 15:56:20','2021-10-14 15:56:20'),(193,NULL,NULL,'LOGIN','2021-10-14 16:25:56','wes@gmail.com',NULL,NULL,0,NULL,'SUCCESS','2021-10-14 16:25:56','2021-10-14 16:25:56');

/*Table structure for table `log_follows` */

DROP TABLE IF EXISTS `log_follows`;

CREATE TABLE `log_follows` (
  `id` bigint(20) unsigned NOT NULL AUTO_INCREMENT,
  `order_id` bigint(20) DEFAULT NULL COMMENT 'Mã order',
  `before_status` int(2) DEFAULT NULL COMMENT 'Trạng thái trước',
  `after_status` int(2) DEFAULT NULL COMMENT 'Trạng thái sau',
  `receiver_id` int(11) DEFAULT NULL COMMENT 'Id người được chuyển tiếp, có thể là Sale, là Admin, là Editor, là QA',
  `summary` varchar(255) DEFAULT NULL COMMENT 'Nội dung tóm tắt',
  `content` text DEFAULT NULL COMMENT 'Nội dung chi tiết',
  `created_at` datetime DEFAULT NULL,
  `updated_at` datetime DEFAULT NULL,
  PRIMARY KEY (`id`)
) ENGINE=InnoDB AUTO_INCREMENT=64 DEFAULT CHARSET=utf8mb4;

/*Data for the table `log_follows` */

insert  into `log_follows`(`id`,`order_id`,`before_status`,`after_status`,`receiver_id`,`summary`,`content`,`created_at`,`updated_at`) values (1,5,NULL,NULL,NULL,'Admin chuyển tiếp cho Editor','Admin chuyển tiếp cho Editor','2021-09-16 00:27:09','2021-09-16 00:27:09'),(2,3,0,1,1,'Customer gửi yêu cầu','Customer gửi yêu cầu','2021-09-23 11:45:10','2021-09-23 11:45:10'),(3,4,0,1,1,'Customer gửi yêu cầu','Customer gửi yêu cầu','2021-09-23 11:45:16','2021-09-23 11:45:16'),(4,4,1,2,3,'Sale chuyển tiếp cho Admin','Sale chuyển tiếp cho Admin','2021-09-23 12:09:25','2021-09-23 12:09:25'),(5,4,2,3,3,'Admin chuyển tiếp cho Editor','Admin chuyển tiếp cho Editor','2021-09-23 12:10:00','2021-09-23 12:10:00'),(6,4,3,4,4,'Editor đã xử lý xong đơn hàng','Editor đã xử lý xong đơn hàng','2021-09-23 12:25:05','2021-09-23 12:25:05'),(7,4,4,5,5,'QAQC đang kiểm tra đơn hàng','QAQC đang kiểm tra đơn hàng','2021-09-23 14:55:04','2021-09-23 14:55:04'),(8,4,5,6,5,'QAQC đã kiểm tra xong đơn hàng','QAQC đã kiểm tra xong đơn hàng','2021-09-23 17:36:17','2021-09-23 17:36:17'),(9,4,6,7,2,'Sale đã chuyển trạng thái hoàn thành cho đơn hàng','Sale đã chuyển trạng thái hoàn thành cho đơn hàng','2021-09-23 17:36:58','2021-09-23 17:36:58'),(10,4,7,9,2,'Sale đã tạo đơn hàng paypal','Sale đã tạo đơn hàng paypal','2021-09-23 17:37:11','2021-09-23 17:37:11'),(11,3,1,2,3,'Sale chuyển tiếp cho Admin','Sale chuyển tiếp cho Admin','2021-09-23 17:40:45','2021-09-23 17:40:45'),(12,3,2,3,3,'Admin chuyển tiếp cho Editor','Admin chuyển tiếp cho Editor','2021-09-23 17:46:14','2021-09-23 17:46:14'),(13,3,3,4,4,'Editor đã xử lý xong đơn hàng','Editor đã xử lý xong đơn hàng','2021-09-23 17:47:38','2021-09-23 17:47:38'),(14,3,4,5,5,'QAQC đang kiểm tra đơn hàng','QAQC đang kiểm tra đơn hàng','2021-09-23 17:49:09','2021-09-23 17:49:09'),(15,3,5,6,5,'QAQC đã kiểm tra xong đơn hàng','QAQC đã kiểm tra xong đơn hàng','2021-09-23 17:50:30','2021-09-23 17:50:30'),(16,3,6,7,2,'Sale đã chuyển trạng thái hoàn thành cho đơn hàng','Sale đã chuyển trạng thái hoàn thành cho đơn hàng','2021-09-23 17:50:57','2021-09-23 17:50:57'),(17,3,7,8,2,'Sale đã yêu cầu QAQC kiểm tra lại đơn hàng','Sale đã yêu cầu QAQC kiểm tra lại đơn hàng','2021-09-23 17:51:02','2021-09-23 17:51:02'),(18,3,8,6,5,'QAQC đã kiểm tra xong đơn hàng','QAQC đã kiểm tra xong đơn hàng','2021-09-23 18:21:12','2021-09-23 18:21:12'),(19,3,6,7,2,'Sale đã chuyển trạng thái hoàn thành cho đơn hàng','Sale đã chuyển trạng thái hoàn thành cho đơn hàng','2021-09-23 18:21:46','2021-09-23 18:21:46'),(20,6,0,1,12,'Customer gửi yêu cầu','Customer gửi yêu cầu','2021-09-25 17:31:55','2021-09-25 17:31:55'),(21,7,1,2,3,'Sale chuyển tiếp cho Admin','Sale chuyển tiếp cho Admin','2021-09-29 12:27:03','2021-09-29 12:27:03'),(22,7,2,3,3,'Admin chuyển tiếp cho Editor','Admin chuyển tiếp cho Editor','2021-09-29 12:27:38','2021-09-29 12:27:38'),(23,7,3,4,4,'Editor đã xử lý xong đơn hàng','Editor đã xử lý xong đơn hàng','2021-09-29 12:40:02','2021-09-29 12:40:02'),(24,7,4,5,5,'QAQC đang kiểm tra đơn hàng','QAQC đang kiểm tra đơn hàng','2021-09-29 12:52:25','2021-09-29 12:52:25'),(25,7,5,6,5,'QAQC đã kiểm tra xong đơn hàng','QAQC đã kiểm tra xong đơn hàng','2021-09-29 12:52:33','2021-09-29 12:52:33'),(26,7,6,7,2,'Sale đã chuyển trạng thái hoàn thành cho đơn hàng','Sale đã chuyển trạng thái hoàn thành cho đơn hàng','2021-09-29 12:53:18','2021-09-29 12:53:18'),(27,8,1,2,3,'Sale chuyển tiếp cho Admin','Sale chuyển tiếp cho Admin','2021-09-29 13:36:02','2021-09-29 13:36:02'),(28,8,2,3,3,'Admin chuyển tiếp cho Editor','Admin chuyển tiếp cho Editor','2021-09-29 13:43:10','2021-09-29 13:43:10'),(29,8,3,4,4,'Editor đã xử lý xong đơn hàng','Editor đã xử lý xong đơn hàng','2021-09-29 13:44:54','2021-09-29 13:44:54'),(30,8,4,5,5,'QAQC đang kiểm tra đơn hàng','QAQC đang kiểm tra đơn hàng','2021-09-29 13:49:29','2021-09-29 13:49:29'),(31,8,5,6,5,'QAQC đã kiểm tra xong đơn hàng','QAQC đã kiểm tra xong đơn hàng','2021-09-29 13:58:50','2021-09-29 13:58:50'),(32,8,6,7,2,'Sale đã chuyển trạng thái hoàn thành cho đơn hàng','Sale đã chuyển trạng thái hoàn thành cho đơn hàng','2021-09-29 13:59:12','2021-09-29 13:59:12'),(33,6,1,2,3,'Sale chuyển tiếp cho Admin','Sale chuyển tiếp cho Admin','2021-10-08 01:03:03','2021-10-08 01:03:03'),(34,6,2,3,3,'Admin chuyển tiếp cho Editor','Admin chuyển tiếp cho Editor','2021-10-08 01:11:34','2021-10-08 01:11:34'),(35,6,3,4,4,'Editor đã xử lý xong đơn hàng','Editor đã xử lý xong đơn hàng','2021-10-08 01:13:37','2021-10-08 01:13:37'),(36,6,4,5,5,'QAQC đang kiểm tra đơn hàng','QAQC đang kiểm tra đơn hàng','2021-10-08 01:14:48','2021-10-08 01:14:48'),(37,6,5,3,5,'Editor đang xử lý đơn hàng','Editor đang xử lý đơn hàng','2021-10-08 01:15:08','2021-10-08 01:15:08'),(38,6,4,5,5,'QAQC đang kiểm tra đơn hàng','QAQC đang kiểm tra đơn hàng','2021-10-08 01:15:31','2021-10-08 01:15:31'),(39,6,5,6,5,'QAQC đã kiểm tra xong đơn hàng','QAQC đã kiểm tra xong đơn hàng','2021-10-08 01:15:35','2021-10-08 01:15:35'),(40,8,7,8,9,'Sale đã yêu cầu QAQC kiểm tra lại đơn hàng','Sale đã yêu cầu QAQC kiểm tra lại đơn hàng','2021-10-08 14:02:19','2021-10-08 14:02:19'),(41,9,1,2,3,'Sale chuyển tiếp cho Admin','Sale chuyển tiếp cho Admin','2021-10-13 15:02:51','2021-10-13 15:02:51'),(42,10,1,2,3,'Sale chuyển tiếp cho Admin','Sale chuyển tiếp cho Admin','2021-10-13 15:20:58','2021-10-13 15:20:58'),(43,11,1,2,3,'Sale chuyển tiếp cho Admin','Sale chuyển tiếp cho Admin','2021-10-13 15:46:08','2021-10-13 15:46:08'),(44,12,1,2,3,'Sale chuyển tiếp cho Admin','Sale chuyển tiếp cho Admin','2021-10-13 16:00:28','2021-10-13 16:00:28'),(45,13,1,2,3,'Sale chuyển tiếp cho Admin','Sale chuyển tiếp cho Admin','2021-10-14 14:54:22','2021-10-14 14:54:22'),(46,5,1,2,3,'Sale chuyển tiếp cho Admin','Sale chuyển tiếp cho Admin','2021-10-14 15:02:10','2021-10-14 15:02:10'),(47,13,2,3,3,'Admin chuyển tiếp cho Editor','Admin chuyển tiếp cho Editor','2021-10-14 15:02:59','2021-10-14 15:02:59'),(48,13,3,4,4,'Editor đã xử lý xong đơn hàng','Editor đã xử lý xong đơn hàng','2021-10-14 15:04:06','2021-10-14 15:04:06'),(49,8,8,3,5,'Editor đang xử lý đơn hàng','Editor đang xử lý đơn hàng','2021-10-14 15:06:54','2021-10-14 15:06:54'),(50,13,4,5,5,'QAQC đang kiểm tra đơn hàng','QAQC đang kiểm tra đơn hàng','2021-10-14 15:07:17','2021-10-14 15:07:17'),(51,14,1,2,3,'Sale chuyển tiếp cho Admin','Sale chuyển tiếp cho Admin','2021-10-14 15:07:35','2021-10-14 15:07:35'),(52,13,5,3,5,'Editor đang xử lý đơn hàng','Editor đang xử lý đơn hàng','2021-10-14 15:07:51','2021-10-14 15:07:51'),(53,8,3,4,4,'Editor đã xử lý xong đơn hàng','Editor đã xử lý xong đơn hàng','2021-10-14 15:08:35','2021-10-14 15:08:35'),(54,13,3,4,4,'Editor đã xử lý xong đơn hàng','Editor đã xử lý xong đơn hàng','2021-10-14 15:08:37','2021-10-14 15:08:37'),(55,8,4,5,5,'QAQC đang kiểm tra đơn hàng','QAQC đang kiểm tra đơn hàng','2021-10-14 15:11:00','2021-10-14 15:11:00'),(56,8,5,3,5,'Editor đang xử lý đơn hàng','Editor đang xử lý đơn hàng','2021-10-14 15:11:41','2021-10-14 15:11:41'),(57,13,4,5,5,'QAQC đang kiểm tra đơn hàng','QAQC đang kiểm tra đơn hàng','2021-10-14 15:17:09','2021-10-14 15:17:09'),(58,13,5,6,5,'QAQC đã kiểm tra xong đơn hàng','QAQC đã kiểm tra xong đơn hàng','2021-10-14 15:17:13','2021-10-14 15:17:13'),(59,8,3,4,4,'Editor đã xử lý xong đơn hàng','Editor đã xử lý xong đơn hàng','2021-10-14 15:25:18','2021-10-14 15:25:18'),(60,8,4,5,5,'QAQC đang kiểm tra đơn hàng','QAQC đang kiểm tra đơn hàng','2021-10-14 15:27:32','2021-10-14 15:27:32'),(61,8,5,6,5,'QAQC đã kiểm tra xong đơn hàng','QAQC đã kiểm tra xong đơn hàng','2021-10-14 15:27:36','2021-10-14 15:27:36'),(62,13,6,7,8,'Sale đã chuyển trạng thái hoàn thành cho đơn hàng','Sale đã chuyển trạng thái hoàn thành cho đơn hàng','2021-10-14 15:34:21','2021-10-14 15:34:21'),(63,17,1,2,3,'Sale chuyển tiếp cho Admin','Sale chuyển tiếp cho Admin','2021-10-14 15:55:01','2021-10-14 15:55:01');

/*Table structure for table `messages` */

DROP TABLE IF EXISTS `messages`;

CREATE TABLE `messages` (
  `id` bigint(20) unsigned NOT NULL AUTO_INCREMENT,
  `order_id` int(11) DEFAULT NULL COMMENT 'ID của đơn hàng',
  `customer_id` int(11) DEFAULT NULL COMMENT 'Id KH lấy ở bảng users',
  `sale_id` int(11) DEFAULT NULL COMMENT 'ID của Sale, người chat với KH',
  `type` varchar(20) DEFAULT 'TEXT' COMMENT 'Kiểu chat: TEXT - chữ, ICON, LINK - Đường dẫn, IMAGE - Hình ảnh, FILE - Tài liệu',
  `content` text DEFAULT NULL COMMENT 'Nội dung chat',
  `file_name` varchar(100) DEFAULT NULL COMMENT 'tên file',
  `status` tinyint(1) DEFAULT 1 COMMENT 'Trạng thái: 0 - Thu hồi, 1 - Hiển thị, 2 - Chỉnh sửa, 3 - Xóa',
  `created_at` datetime DEFAULT NULL,
  `updated_at` datetime DEFAULT NULL,
  PRIMARY KEY (`id`)
) ENGINE=InnoDB AUTO_INCREMENT=48 DEFAULT CHARSET=utf8mb4;

/*Data for the table `messages` */

insert  into `messages`(`id`,`order_id`,`customer_id`,`sale_id`,`type`,`content`,`file_name`,`status`,`created_at`,`updated_at`) values (1,3,1,2,'TEXT','133 files\r\nTurn on the lights  with the layers I provide, less ambient influence in the photos, I tend to mostly like the ambient to be blended into the ceilings and floors\r\nstyle trắng sạch, thêm đèn, thêm độ sắc nét, dùng less ambient shots, chủ yếu ở trần và sàn.\r\ntham khao: https://www.dropbox.com/sh/oj50skfwj30xcg5/AACcFlO60OeY5gxGutSIwSD-a?dl=0',NULL,1,'2021-09-23 11:45:10','2021-09-23 11:45:10'),(2,4,1,2,'TEXT','test',NULL,1,'2021-09-23 11:45:16','2021-09-23 11:45:16'),(3,4,NULL,2,'TEXT','Hi',NULL,1,'2021-09-23 11:56:51','2021-09-23 11:56:51'),(4,4,1,NULL,'TEXT','hi',NULL,1,'2021-09-23 12:02:46','2021-09-23 12:02:46'),(5,4,NULL,2,'IMAGE','uploads/message/2021/09/media_1632422739_4.png','ngoc-hac.png',1,'2021-09-24 01:45:39','2021-09-24 01:45:39'),(6,4,NULL,2,'FILE','uploads/message/2021/09/file_1632422759_4.pdf','MXV83 - Chứng nhận TVKD DCV.pdf',1,'2021-09-24 01:45:59','2021-09-24 01:45:59'),(7,4,NULL,2,'LINK','https://www.w3schools.com/jsref/jsref_substring.asp',NULL,1,'2021-09-24 01:46:05','2021-09-24 01:46:05'),(8,5,12,9,'TEXT','fix kích cỡ',NULL,1,'2021-09-25 17:30:38','2021-09-25 17:30:38'),(11,5,12,NULL,'TEXT','a',NULL,1,'2021-09-25 20:42:41','2021-09-25 20:42:41'),(12,5,NULL,9,'TEXT','sss',NULL,1,'2021-09-25 20:42:48','2021-09-25 20:42:48'),(16,6,12,NULL,'TEXT','chỉnh sửa bố cục',NULL,1,'2021-09-25 21:22:59','2021-09-25 21:22:59'),(17,7,1,NULL,'TEXT','This is a large home, but a little older and has some white balance challenges.  Lots of yellows.  \r\nI also shot it early in the day, so lighting is a challenge. \r\nPay attention to windows and reflections',NULL,1,'2021-09-29 09:02:02','2021-09-29 09:02:02'),(18,7,NULL,9,'TEXT','ok',NULL,1,'2021-09-29 11:27:19','2021-09-29 11:27:19'),(19,7,NULL,9,'IMAGE','uploads/message/2021/09/media_1632889693_7.JPG','AJ9A3642.JPG',1,'2021-09-29 11:28:13','2021-09-29 11:28:13'),(20,8,1,NULL,'TEXT','Turn on the lights  with the layers I provide, less ambient influence in the photos, I tend to mostly like the ambient to be blended into the ceilings and floors\r\nstyle trắng sạch, thêm đèn, thêm độ sắc nét, dùng less ambient shots, chủ yếu ở trần và sàn.\r\ntham khao: https://www.dropbox.com/sh/oj50skfwj30xcg5/AACcFlO60OeY5gxGutSIwSD-a?dl=0',NULL,1,'2021-09-29 13:35:22','2021-09-29 13:35:22'),(21,6,12,NULL,'TEXT','chỉnh sửa bố cục',NULL,1,'2021-10-08 01:02:25','2021-10-08 01:02:25'),(22,6,12,NULL,'TEXT','chỉnh sửa bố cục',NULL,1,'2021-10-08 01:02:27','2021-10-08 01:02:27'),(23,8,1,NULL,'IMAGE','uploads/message/2021/10/media_1633671977_8.jpg','z2804359496818_30e5d4d2710c32d2b802fd83e6b9a94d.jpg',1,'2021-10-08 12:46:17','2021-10-08 12:46:17'),(24,8,NULL,9,'TEXT','Your order has been requested to be revised',NULL,1,'2021-10-08 14:02:19','2021-10-08 14:02:19'),(25,9,1,NULL,'TEXT','Please make sure you either remove or don’t use the shots with the grey card/white card, it has a red lanyard around it…\r\nWhen you reduce the yellow in the lights, please make sure the white balance does not change for the rest of the image.',NULL,1,'2021-10-13 14:52:46','2021-10-13 14:52:46'),(26,10,13,NULL,'TEXT','Note',NULL,1,'2021-10-13 15:18:57','2021-10-13 15:18:57'),(27,10,13,NULL,'TEXT','Note',NULL,1,'2021-10-13 15:23:08','2021-10-13 15:23:08'),(28,11,14,NULL,'TEXT','Note',NULL,1,'2021-10-13 15:40:16','2021-10-13 15:40:16'),(29,11,14,NULL,'TEXT','Note',NULL,1,'2021-10-13 15:46:06','2021-10-13 15:46:06'),(30,10,13,NULL,'TEXT','Note',NULL,1,'2021-10-13 15:48:40','2021-10-13 15:48:40'),(31,10,13,NULL,'TEXT','Note',NULL,1,'2021-10-13 15:50:23','2021-10-13 15:50:23'),(32,10,13,NULL,'TEXT','Note',NULL,1,'2021-10-13 15:50:32','2021-10-13 15:50:32'),(33,10,13,NULL,'TEXT','Note',NULL,1,'2021-10-13 15:53:39','2021-10-13 15:53:39'),(34,10,13,NULL,'TEXT','Note',NULL,1,'2021-10-13 15:55:16','2021-10-13 15:55:16'),(35,12,1,NULL,'TEXT','Note',NULL,1,'2021-10-13 15:57:07','2021-10-13 15:57:07'),(36,12,1,NULL,'TEXT','Note',NULL,1,'2021-10-13 16:00:25','2021-10-13 16:00:25'),(37,12,1,NULL,'TEXT','Note',NULL,1,'2021-10-13 16:07:41','2021-10-13 16:07:41'),(38,12,1,NULL,'TEXT','Note',NULL,1,'2021-10-13 16:07:49','2021-10-13 16:07:49'),(39,10,13,NULL,'TEXT','Note',NULL,1,'2021-10-13 16:53:06','2021-10-13 16:53:06'),(40,11,14,NULL,'TEXT','Note',NULL,1,'2021-10-13 16:53:44','2021-10-13 16:53:44'),(41,11,14,NULL,'TEXT','Note',NULL,1,'2021-10-13 16:54:48','2021-10-13 16:54:48'),(42,13,16,NULL,'TEXT','Note',NULL,1,'2021-10-14 14:52:06','2021-10-14 14:52:06'),(43,14,13,NULL,'TEXT','Note',NULL,1,'2021-10-14 14:59:21','2021-10-14 14:59:21'),(44,5,12,NULL,'TEXT','fix kích cỡ',NULL,1,'2021-10-14 15:04:56','2021-10-14 15:04:56'),(45,15,11,NULL,'TEXT','Thiết kế biệt thự',NULL,1,'2021-10-14 15:13:02','2021-10-14 15:13:02'),(46,16,11,NULL,'TEXT','Thiết kế nhà bếp',NULL,1,'2021-10-14 15:16:45','2021-10-14 15:16:45'),(47,17,16,NULL,'TEXT','Note',NULL,1,'2021-10-14 15:54:32','2021-10-14 15:54:32');

/*Table structure for table `migrations` */

DROP TABLE IF EXISTS `migrations`;

CREATE TABLE `migrations` (
  `id` int(10) unsigned NOT NULL AUTO_INCREMENT,
  `migration` varchar(191) COLLATE utf8mb4_unicode_ci NOT NULL,
  `batch` int(11) NOT NULL,
  PRIMARY KEY (`id`)
) ENGINE=InnoDB AUTO_INCREMENT=5 DEFAULT CHARSET=utf8mb4 COLLATE=utf8mb4_unicode_ci;

/*Data for the table `migrations` */

insert  into `migrations`(`id`,`migration`,`batch`) values (1,'2014_10_12_000000_create_users_table',1),(2,'2014_10_12_100000_create_password_resets_table',1),(3,'2019_08_19_000000_create_failed_jobs_table',1),(4,'2021_07_19_000000_create_jobs_table',1);

/*Table structure for table `orders` */

DROP TABLE IF EXISTS `orders`;

CREATE TABLE `orders` (
  `id` bigint(11) NOT NULL AUTO_INCREMENT,
  `customer_id` int(11) DEFAULT NULL COMMENT 'ID của KH gắn với order này, lấy ở bảng users',
  `name` varchar(150) DEFAULT NULL COMMENT 'Tên đơn hàng',
  `code` varchar(100) DEFAULT NULL COMMENT 'Mã đơn hàng, sinh tự động sau khi thêm mới',
  `service_id` int(11) DEFAULT NULL COMMENT 'ID của bảng services',
  `options` varchar(25) DEFAULT 'LINK' COMMENT 'Tùy chọn gửi link file hay upload file: LINK/UPLOAD',
  `link` text DEFAULT NULL COMMENT 'Đường dẫn sản phẩm',
  `email_receiver` varchar(191) DEFAULT NULL COMMENT 'Email nhận chia sẻ',
  `upload_file` varchar(255) DEFAULT NULL COMMENT 'Đường dẫn file upload lên server',
  `turn_arround_time` int(11) DEFAULT 0 COMMENT 'Số giờ hoàn thành: 12,24,36,48h,... bước 12h',
  `deadline` datetime DEFAULT NULL COMMENT 'Deadline hoàn thành= Hiện tại + turn arround',
  `notes` text DEFAULT NULL COMMENT 'Ghi chú của KH',
  `quantity` int(5) DEFAULT 1 COMMENT 'Số lượng sp',
  `discount` float(3,2) DEFAULT NULL COMMENT '% giảm giá',
  `discount_money` float(12,2) DEFAULT NULL COMMENT 'Giảm giá theo tiền mặt',
  `cost` float(12,2) DEFAULT NULL COMMENT 'Giá đơn hàng',
  `total_payment` float(12,2) DEFAULT NULL COMMENT 'Tổng tiền KH thanh toán',
  `status` tinyint(2) DEFAULT NULL COMMENT 'Trạng thái: 0 (Draft), 1 (New), 2 (Pending), 3 (Editing), 4 (Edited), 5 (Checking), 6 (Checked)- 7 (Completed), 8 (Re-do), 9 (Awaiting Payment), 10 (Paid), 11 (Deleted)',
  `created_type` varchar(15) DEFAULT 'CUSTOMER' COMMENT 'CUSTOMER (KH tạo), SALE (Sale tạo), mặc định là KH tạo',
  `created_by` int(11) DEFAULT NULL COMMENT 'Id của KH hoặc Id của Sale lấy ở bảng users',
  `assigned_sale_id` int(11) DEFAULT NULL COMMENT 'Id Sale đã nhận',
  `assigned_admin_id` int(11) DEFAULT NULL COMMENT 'Id Admin được giao',
  `assigned_editor_id` int(11) DEFAULT NULL COMMENT 'Id Editor được giao',
  `assigned_qaqc_id` int(11) DEFAULT NULL COMMENT 'Id QAQC được giao',
  `sent_sale_at` datetime DEFAULT NULL COMMENT 'Gửi y/c cho Sale lúc nào',
  `sent_admin_at` datetime DEFAULT NULL COMMENT 'Gửi cho Admin lúc nào',
  `sent_editor_at` datetime DEFAULT NULL COMMENT 'Gửi cho Editor lúc nào',
  `sent_qaqc_at` datetime DEFAULT NULL COMMENT 'Gửi cho QAQC lúc nào',
  `delivered_at` datetime DEFAULT NULL COMMENT 'Ngày bàn giao',
  `created_at` datetime DEFAULT NULL,
  `updated_at` datetime DEFAULT NULL,
  `deleted_at` datetime DEFAULT NULL COMMENT 'Xóa mềm, khác null là bị đã bị xóa',
  PRIMARY KEY (`id`)
) ENGINE=InnoDB AUTO_INCREMENT=18 DEFAULT CHARSET=utf8mb4;

/*Data for the table `orders` */

insert  into `orders`(`id`,`customer_id`,`name`,`code`,`service_id`,`options`,`link`,`email_receiver`,`upload_file`,`turn_arround_time`,`deadline`,`notes`,`quantity`,`discount`,`discount_money`,`cost`,`total_payment`,`status`,`created_type`,`created_by`,`assigned_sale_id`,`assigned_admin_id`,`assigned_editor_id`,`assigned_qaqc_id`,`sent_sale_at`,`sent_admin_at`,`sent_editor_at`,`sent_qaqc_at`,`delivered_at`,`created_at`,`updated_at`,`deleted_at`) values (1,1,'Hoang test','ORD-20210921-614971FB3ABCD',2,'LINK','123.456','hoang.dangtc@gmail.com',NULL,12,'2021-09-24 12:20:05','note của khách',1,NULL,NULL,NULL,NULL,0,'CUSTOMER',1,NULL,NULL,NULL,NULL,NULL,NULL,NULL,NULL,NULL,'2021-09-21 12:47:39','2021-09-24 00:20:05',NULL),(2,11,'Thiết kế biệt thự Quận 1, TP.HCM','ORD-20210922-614AE56C49D01',6,'UPLOAD',NULL,NULL,'uploads/order/2021/09/1632298348_2.pdf',0,'2021-10-31 15:12:09','Thiết kế biệt thự Quận 1, TP.HCM',1,NULL,NULL,NULL,NULL,0,'CUSTOMER',11,NULL,NULL,NULL,NULL,NULL,NULL,NULL,NULL,NULL,'2021-09-22 15:12:28','2021-09-22 15:12:28',NULL),(3,1,'Test 23 Sep','ORD-20210923-614BF50E5518C',1,'LINK','https://www.dropbox.com/sh/earj12bnv7i2wf3/AACTogRmE4YzDSq69B9yHxvya?dl=0',NULL,NULL,12,'2021-09-24 12:19:56','133 files\r\nTurn on the lights  with the layers I provide, less ambient influence in the photos, I tend to mostly like the ambient to be blended into the ceilings and floors\r\nstyle trắng sạch, thêm đèn, thêm độ sắc nét, dùng less ambient shots, chủ yếu ở trần và sàn.\r\ntham khao: https://www.dropbox.com/sh/oj50skfwj30xcg5/AACcFlO60OeY5gxGutSIwSD-a?dl=0',1,NULL,NULL,NULL,NULL,7,'CUSTOMER',1,2,3,4,NULL,'2021-09-23 11:45:09','2021-09-23 17:40:45',NULL,NULL,NULL,'2021-09-23 10:31:26','2021-09-24 00:19:56',NULL),(4,1,'Test 2','ORD-20210923-614C04B5997EF',2,'UPLOAD','https://www.dropbox.com/sh/earj12bnv7i2wf3/AACTogRmE4YzDSq69B9yHxvya?dl=0',NULL,'uploads/order/2021/09/1632371893_4.png',12,'2021-09-24 12:19:46','test',1,NULL,NULL,66.00,66.00,9,'CUSTOMER',1,2,3,4,NULL,'2021-09-23 11:45:16','2021-09-23 12:09:25',NULL,NULL,NULL,'2021-09-23 11:38:13','2021-09-24 00:19:46',NULL),(5,12,'Fix ảnh','ORD-20210925-614EFA1951956',8,'LINK','https://www.w3schools.com/jsref/jsref_substring.asp','tranvanminh30398@gmail.com',NULL,12,'2021-09-26 05:29:45','fix kích cỡ',1,NULL,NULL,NULL,NULL,2,'CUSTOMER',12,8,3,NULL,NULL,'2021-09-25 17:29:45','2021-10-14 15:02:10',NULL,NULL,NULL,'2021-09-25 17:29:45','2021-10-14 15:04:56',NULL),(6,12,'Fix bố cục','ORD-20210925-614EFA72C1D1D',1,'LINK','https://www.w3schools.com/jsref/jsref_substring.asp','tranvanminh30398@gmail.com',NULL,12,'2021-09-26 05:31:14','chỉnh sửa bố cục',1,NULL,NULL,NULL,NULL,6,'CUSTOMER',12,2,3,4,NULL,'2021-09-25 17:31:55','2021-10-08 01:03:03',NULL,NULL,NULL,'2021-09-25 17:31:14','2021-10-08 01:15:35',NULL),(7,1,'241 Barnhart','ORD-20210929-6153C91AA6A64',2,'LINK','https://www.dropbox.com/sh/xevya93ioxhcyvd/AAA2zBmstFcLRIQBg7F_Hc7wa?dl=0',NULL,NULL,24,'2021-09-30 09:02:02','This is a large home, but a little older and has some white balance challenges.  Lots of yellows.  \r\nI also shot it early in the day, so lighting is a challenge. \r\nPay attention to windows and reflections',1,NULL,NULL,NULL,NULL,7,'CUSTOMER',1,9,3,4,NULL,'2021-09-29 09:02:02','2021-09-29 12:27:03',NULL,NULL,NULL,'2021-09-29 09:02:02','2021-09-29 12:53:18',NULL),(8,1,'62 S Fifth St','ORD-20210929-6154092A96A9E',4,'LINK','https://www.dropbox.com/sh/p8uiuaqmt707pgt/AAB8LqXQjQm3hcRLne4Yl0MWa?dl=0',NULL,NULL,36,'2021-10-01 01:35:22','Turn on the lights  with the layers I provide, less ambient influence in the photos, I tend to mostly like the ambient to be blended into the ceilings and floors\r\nstyle trắng sạch, thêm đèn, thêm độ sắc nét, dùng less ambient shots, chủ yếu ở trần và sàn.\r\ntham khao: https://www.dropbox.com/sh/oj50skfwj30xcg5/AACcFlO60OeY5gxGutSIwSD-a?dl=0',1,NULL,NULL,NULL,NULL,6,'CUSTOMER',1,9,3,4,NULL,'2021-09-29 13:35:22','2021-09-29 13:36:02',NULL,NULL,NULL,'2021-09-29 13:35:22','2021-10-14 15:27:36',NULL),(9,1,'Dan 13 Oct','ORD-20211013-6166904E4037B',1,'UPLOAD',NULL,NULL,NULL,24,'2021-10-14 14:52:46','Please make sure you either remove or don’t use the shots with the grey card/white card, it has a red lanyard around it…\r\nWhen you reduce the yellow in the lights, please make sure the white balance does not change for the rest of the image.',1,NULL,NULL,NULL,NULL,2,'CUSTOMER',1,9,3,NULL,NULL,'2021-10-13 14:52:46','2021-10-13 15:02:51',NULL,NULL,NULL,'2021-10-13 14:52:46','2021-10-13 15:02:51',NULL),(10,13,'hoang test 13 OCRT','ORD-20211013-61669671EB0EE',4,'LINK',NULL,NULL,NULL,12,'2021-10-14 03:18:57','Note',1,NULL,NULL,NULL,NULL,2,'CUSTOMER',13,8,3,NULL,NULL,'2021-10-13 15:18:57','2021-10-13 15:20:58',NULL,NULL,NULL,'2021-10-13 15:18:57','2021-10-13 16:53:06',NULL),(11,14,'Rob','ORD-20211013-61669B70B0025',1,'LINK',NULL,NULL,NULL,12,'2021-10-14 03:40:16','Note',1,NULL,NULL,NULL,NULL,2,'CUSTOMER',14,9,3,NULL,NULL,'2021-10-13 15:40:16','2021-10-13 15:46:08',NULL,NULL,NULL,'2021-10-13 15:40:16','2021-10-13 16:54:47',NULL),(12,1,'Dan','ORD-20211013-61669F6321FE9',4,'LINK',NULL,NULL,NULL,36,'2021-10-15 03:57:07','Note',1,NULL,NULL,NULL,NULL,2,'CUSTOMER',1,2,3,NULL,NULL,'2021-10-13 15:57:07','2021-10-13 16:00:28',NULL,NULL,NULL,'2021-10-13 15:57:07','2021-10-13 16:07:48',NULL),(13,16,'14 OCT','ORD-20211014-6167E1A68E910',1,'LINK',NULL,NULL,NULL,12,'2021-10-15 02:52:06','Note',1,NULL,NULL,NULL,NULL,7,'SALE',2,8,3,4,NULL,'2021-10-14 14:52:06','2021-10-14 14:54:21',NULL,NULL,NULL,'2021-10-14 14:52:06','2021-10-14 15:34:21',NULL),(14,13,'Tm oct 13','ORD-20211014-6167E359A27C9',1,'LINK',NULL,NULL,NULL,12,'2021-10-15 02:59:21','Note',1,NULL,NULL,NULL,NULL,2,'SALE',8,8,3,NULL,NULL,'2021-10-14 14:59:21','2021-10-14 15:07:35',NULL,NULL,NULL,'2021-10-14 14:59:21','2021-10-14 15:07:35',NULL),(15,11,'Thiết kế biệt thự','ORD-20211014-6167E68E976FE',6,'LINK',NULL,NULL,NULL,12,'2021-10-15 03:13:02','Thiết kế biệt thự',1,NULL,NULL,NULL,NULL,1,'SALE',2,8,NULL,NULL,NULL,'2021-10-14 15:13:02',NULL,NULL,NULL,NULL,'2021-10-14 15:13:02','2021-10-14 15:13:02',NULL),(16,11,'Thiết kế nhà bếp','ORD-20211014-6167E76DAA717',6,'LINK',NULL,NULL,NULL,12,'2021-10-15 03:16:45','Thiết kế nhà bếp',1,NULL,NULL,NULL,NULL,1,'SALE',2,NULL,NULL,NULL,NULL,'2021-10-14 15:16:45',NULL,NULL,NULL,NULL,'2021-10-14 15:16:45','2021-10-14 15:16:45',NULL),(17,16,'Don 2','ORD-20211014-6167ED9FCCB5B',5,'LINK',NULL,NULL,NULL,24,'2021-10-15 15:43:11','Note',1,NULL,NULL,NULL,NULL,2,'CUSTOMER',16,8,3,NULL,NULL,'2021-10-14 15:43:11','2021-10-14 15:55:01',NULL,NULL,NULL,'2021-10-14 15:43:11','2021-10-14 15:55:01',NULL);

/*Table structure for table `outputs` */

DROP TABLE IF EXISTS `outputs`;

CREATE TABLE `outputs` (
  `id` bigint(20) unsigned NOT NULL AUTO_INCREMENT,
  `order_id` int(11) DEFAULT NULL COMMENT 'Id đơn hàng',
  `customer_id` int(11) DEFAULT NULL COMMENT 'Id khách hàng',
  `link` varchar(255) DEFAULT NULL COMMENT 'Đường dẫn link sản phẩm',
  `file` varchar(255) DEFAULT NULL COMMENT 'Đường dẫn file sản phẩm',
  `created_at` datetime DEFAULT NULL,
  `updated_at` datetime DEFAULT NULL,
  PRIMARY KEY (`id`)
) ENGINE=InnoDB AUTO_INCREMENT=7 DEFAULT CHARSET=utf8mb4;

/*Data for the table `outputs` */

insert  into `outputs`(`id`,`order_id`,`customer_id`,`link`,`file`,`created_at`,`updated_at`) values (1,4,1,'https://www.dropbox.com/sh/earj12bnv7i2wf3/AACNzg7kBSF3EXrV6R-HfuJ8a/02.%20HDR%20Flambient?dl=0&subfolder_nav_tracking=1',NULL,'2021-09-23 14:14:03','2021-09-23 14:14:03'),(2,3,1,'droopbox.com/teee',NULL,'2021-09-23 17:47:57','2021-09-23 17:47:57'),(3,7,1,'https://www.dropbox.com/sh/xevya93ioxhcyvd/AAA2zBmstFcLRIQBg7F_Hc7wa?dl=0',NULL,'2021-09-29 12:40:26','2021-09-29 12:40:26'),(4,8,1,'https://www.dropbox.com/sh/earj12bnv7i2wf3/AACTogRmE4YzDSq69B9yHxvya?dl=0',NULL,'2021-09-29 13:44:59','2021-09-29 13:44:59'),(5,6,12,'https://www.planetware.com/wpimages/2020/02/france-in-pictures-beautiful-places-to-photograph-eiffel-tower.jpg',NULL,'2021-10-08 01:13:48','2021-10-08 01:13:48'),(6,13,16,'https://drive.google.com/drive/folders/1jkdgNQSluFBvBKddYM30_LAnD635S_el',NULL,'2021-10-14 15:04:21','2021-10-14 15:04:21');

/*Table structure for table `password_resets` */

DROP TABLE IF EXISTS `password_resets`;

CREATE TABLE `password_resets` (
  `email` varchar(191) COLLATE utf8mb4_unicode_ci NOT NULL,
  `token` varchar(191) COLLATE utf8mb4_unicode_ci NOT NULL,
  `created_at` timestamp NULL DEFAULT NULL,
  KEY `password_resets_email_index` (`email`)
) ENGINE=InnoDB DEFAULT CHARSET=utf8mb4 COLLATE=utf8mb4_unicode_ci;

/*Data for the table `password_resets` */

/*Table structure for table `payment_detail` */

DROP TABLE IF EXISTS `payment_detail`;

CREATE TABLE `payment_detail` (
  `id` bigint(11) NOT NULL AUTO_INCREMENT,
  `order_id` int(11) DEFAULT NULL COMMENT 'ID của orders',
  `payment_id` int(11) DEFAULT NULL COMMENT 'ID của payments',
  `order_name` varchar(200) DEFAULT NULL COMMENT 'Tên của orders',
  `quantity` int(5) DEFAULT NULL COMMENT 'Số lượng sản phẩm',
  `price` float(12,2) DEFAULT NULL COMMENT 'Giá đơn hàng',
  `amount` float(12,2) DEFAULT NULL COMMENT 'Thành tiền',
  `description` text DEFAULT NULL COMMENT 'Mô tả về đơn hàng',
  `created_at` datetime DEFAULT NULL,
  `updated_at` datetime DEFAULT NULL,
  PRIMARY KEY (`id`)
) ENGINE=InnoDB AUTO_INCREMENT=3 DEFAULT CHARSET=utf8mb4;

/*Data for the table `payment_detail` */

insert  into `payment_detail`(`id`,`order_id`,`payment_id`,`order_name`,`quantity`,`price`,`amount`,`description`,`created_at`,`updated_at`) values (1,4,1,NULL,1,1.00,1.00,'Test 23-9','2021-09-23 16:31:19','2021-09-23 16:31:19'),(2,4,1,NULL,1,65.00,65.00,'Video','2021-09-23 16:31:30','2021-09-23 16:31:30');

/*Table structure for table `payments` */

DROP TABLE IF EXISTS `payments`;

CREATE TABLE `payments` (
  `id` bigint(11) NOT NULL AUTO_INCREMENT,
  `order_id` int(11) DEFAULT NULL COMMENT 'Id đơn hàng cần thanh toán',
  `customer_id` int(11) DEFAULT NULL COMMENT 'ID của KH',
  `amount` float(12,2) DEFAULT 0.00 COMMENT 'Tiền thanh toán',
  `date_request` datetime DEFAULT NULL COMMENT 'Ngày gửi yêu cầu thanh toán',
  `date_success` datetime DEFAULT NULL COMMENT 'Thời gian hoàn thành thanh toán',
  `method` varchar(50) DEFAULT 'PAYPAL' COMMENT 'Phương thức thanh toán: PAYPAL,CREDIT',
  `email_paypal` varchar(191) DEFAULT NULL COMMENT 'Email tài khoản paypal',
  `paypal_id` varchar(100) DEFAULT NULL COMMENT 'id của invoice paypal',
  `link_payment` text DEFAULT NULL COMMENT 'Đường dẫn thanh toán đơn hàng',
  `status` tinyint(1) DEFAULT NULL COMMENT 'Trạng thái thanh toán: 0 - Mới tạo, 1 - PENDING, 2 - DONE, 3 - FAILED',
  `created_by` int(11) DEFAULT NULL COMMENT 'Người tạo, thường là sale',
  `created_at` datetime DEFAULT NULL,
  `updated_at` datetime DEFAULT NULL,
  PRIMARY KEY (`id`)
) ENGINE=InnoDB AUTO_INCREMENT=5 DEFAULT CHARSET=utf8mb4;

/*Data for the table `payments` */

insert  into `payments`(`id`,`order_id`,`customer_id`,`amount`,`date_request`,`date_success`,`method`,`email_paypal`,`paypal_id`,`link_payment`,`status`,`created_by`,`created_at`,`updated_at`) values (1,4,1,66.00,NULL,NULL,NULL,NULL,'INV2-XEKH-YZ9M-FYR2-QFQ4','https://www.paypal.com/invoice/p/#INV2-XEKH-YZ9M-FYR2-QFQ4',1,NULL,'2021-09-23 11:54:47','2021-09-23 17:37:11'),(2,3,1,0.00,NULL,NULL,'PAYPAL','doan281@gmail.com',NULL,NULL,0,NULL,'2021-09-23 18:21:52','2021-09-23 18:21:52'),(3,8,1,0.00,NULL,NULL,'PAYPAL','doan281@gmail.com',NULL,NULL,0,NULL,'2021-09-29 13:59:18','2021-09-29 13:59:18'),(4,13,16,0.00,NULL,NULL,'PAYPAL',NULL,NULL,NULL,0,NULL,'2021-10-14 15:35:37','2021-10-14 15:35:37');

/*Table structure for table `permissions` */

DROP TABLE IF EXISTS `permissions`;

CREATE TABLE `permissions` (
  `id` bigint(11) NOT NULL AUTO_INCREMENT,
  `role_id` int(11) NOT NULL COMMENT 'ID của role',
  `name` varchar(100) NOT NULL COMMENT 'Tên action',
  `code` varchar(100) NOT NULL COMMENT 'Mã action',
  `description` text DEFAULT NULL COMMENT 'Mô tả action',
  `is_active` tinyint(1) DEFAULT NULL COMMENT 'Trạng thái: 0 - Khóa, 1 - Hiển thị',
  `default` tinyint(1) DEFAULT 0 COMMENT 'Mặc định: 0 - Không, 1 - có',
  `created_at` datetime DEFAULT NULL,
  `updated_at` datetime DEFAULT NULL,
  PRIMARY KEY (`id`)
) ENGINE=InnoDB DEFAULT CHARSET=utf8mb4;

/*Data for the table `permissions` */

/*Table structure for table `requirements` */

DROP TABLE IF EXISTS `requirements`;

CREATE TABLE `requirements` (
  `id` bigint(11) NOT NULL AUTO_INCREMENT,
  `order_id` int(11) DEFAULT NULL COMMENT 'ID của orders',
  `customer_id` int(11) DEFAULT NULL COMMENT 'Id của KH, người y/c order',
  `name` varchar(255) DEFAULT NULL COMMENT 'Tên của yêu cầu',
  `description` text DEFAULT NULL COMMENT 'Mô tả chi tiết yêu cầu',
  `status` tinyint(1) DEFAULT 0 COMMENT 'Trạng thái: 0 (new), 1 (doing), 2 (done), 3 (cancel)',
  `created_by` int(11) DEFAULT NULL COMMENT 'Người tạo, thường là sale',
  `created_at` datetime DEFAULT NULL,
  `updated_at` datetime DEFAULT NULL,
  PRIMARY KEY (`id`)
) ENGINE=InnoDB AUTO_INCREMENT=4 DEFAULT CHARSET=utf8mb4;

/*Data for the table `requirements` */

insert  into `requirements`(`id`,`order_id`,`customer_id`,`name`,`description`,`status`,`created_by`,`created_at`,`updated_at`) values (1,4,1,'Yêu cầu thêm','Yêu cầu thêm',2,2,'2021-09-23 12:24:23','2021-09-23 12:24:59'),(2,7,1,'294 file','294 file',2,9,'2021-09-29 11:17:34','2021-09-29 12:33:14'),(3,8,1,'Yêu cầu editor sửa lại ảnh số 5','Yêu cầu editor sửa lại ảnh số 5',2,5,'2021-10-14 15:11:36','2021-10-14 15:23:35');

/*Table structure for table `roles` */

DROP TABLE IF EXISTS `roles`;

CREATE TABLE `roles` (
  `id` bigint(11) NOT NULL AUTO_INCREMENT,
  `name` varchar(50) DEFAULT NULL COMMENT 'Tên chức năng',
  `code` varchar(25) DEFAULT NULL COMMENT 'Mã chức năng',
  `description` text DEFAULT NULL COMMENT 'Mô tả  chức năng',
  `default` tinyint(1) DEFAULT 0 COMMENT 'Mặc định: 0 - Không, 1 - Có',
  `is_active` tinyint(1) DEFAULT 1 COMMENT '1: Kích hoạt, 2: Khóa',
  `created_by` int(11) DEFAULT NULL COMMENT 'ID của người tạo',
  `created_at` datetime DEFAULT NULL,
  `updated_at` datetime DEFAULT NULL,
  PRIMARY KEY (`id`)
) ENGINE=InnoDB DEFAULT CHARSET=utf8mb4;

/*Data for the table `roles` */

/*Table structure for table `services` */

DROP TABLE IF EXISTS `services`;

CREATE TABLE `services` (
  `id` bigint(11) NOT NULL AUTO_INCREMENT,
  `name` varchar(200) NOT NULL COMMENT 'Tên dịch vụ',
  `code` varchar(25) NOT NULL COMMENT 'Mã dịch vụ',
  `image` varchar(255) NOT NULL COMMENT 'Đường dẫn ảnh đại diện',
  `description` text DEFAULT NULL COMMENT 'Mô tả về dịch vụ',
  `link` varchar(200) DEFAULT NULL COMMENT 'Ảnh đại diện của dịch vụ',
  `status` tinyint(1) DEFAULT NULL COMMENT 'Trạng thái: 0 - Tạm dừng, 1 - Hiển thị, 2 - Khóa',
  `created_at` datetime DEFAULT NULL,
  `updated_at` datetime DEFAULT NULL,
  PRIMARY KEY (`id`)
) ENGINE=InnoDB AUTO_INCREMENT=11 DEFAULT CHARSET=utf8mb4;

/*Data for the table `services` */

insert  into `services`(`id`,`name`,`code`,`image`,`description`,`link`,`status`,`created_at`,`updated_at`) values (1,'Image Enhancement','SERVICE_001','uploads/ckfinder/images/services/image-enhancement.jpg',NULL,NULL,1,'2021-08-21 22:01:02','2021-09-21 10:44:18'),(2,'Virtual Staging','SERVICE_002','uploads/ckfinder/images/services/virtual-staging.jpg',NULL,NULL,1,'2021-08-21 22:01:02','2021-09-21 10:45:06'),(3,'Virtual Renovation','SERVICE_003','c',NULL,NULL,NULL,'2021-08-21 22:01:02','2021-08-21 22:01:08'),(4,'Day To Dusk','SERVICE_004','uploads/ckfinder/images/services/day-to-dusk.jpg',NULL,NULL,1,'2021-08-21 22:01:02','2021-09-21 10:43:36'),(5,'Item Removal','SERVICE_005','uploads/ckfinder/images/services/item-removal.jpg',NULL,NULL,1,'2021-08-21 22:01:02','2021-09-21 10:44:40'),(6,'Floor Plan Redraw','SERVICE_006','uploads/ckfinder/images/services/floor-plan-redraw.jpg',NULL,NULL,1,'2021-08-21 22:01:02','2021-09-21 10:43:51'),(7,'Video Editing','SERVICE_007','uploads/ckfinder/images/services/video-editing.jpg',NULL,NULL,1,'2021-08-21 22:01:02','2021-09-21 10:44:51'),(8,'360 Image Enhancement','SERVICE_008','uploads/ckfinder/images/services/360-image-enhancement.jpg','Rotation',NULL,1,'2021-08-21 22:01:02','2021-09-21 10:40:08'),(9,'Rendering','SERVICE_009','c',NULL,NULL,NULL,'2021-08-21 22:01:02','2021-08-21 22:01:08'),(10,'Custom Job','SERVICE_010','c',NULL,NULL,NULL,'2021-08-21 22:01:02','2021-08-21 22:01:08');

/*Table structure for table `user_permission` */

DROP TABLE IF EXISTS `user_permission`;

CREATE TABLE `user_permission` (
  `user_id` int(11) DEFAULT NULL COMMENT 'ID của users',
  `permission_id` int(11) DEFAULT NULL COMMENT 'ID của permission'
) ENGINE=InnoDB DEFAULT CHARSET=utf8mb4;

/*Data for the table `user_permission` */

/*Table structure for table `users` */

DROP TABLE IF EXISTS `users`;

CREATE TABLE `users` (
  `id` bigint(20) NOT NULL AUTO_INCREMENT,
  `group_id` bigint(20) DEFAULT NULL COMMENT 'ID của bảng groups',
  `account_type` varchar(25) COLLATE utf8mb4_unicode_ci DEFAULT NULL COMMENT 'Loại tài khoản: CUSTOMER,SALE,ADMIN,EDITOR,QAQC,SUPER_ADMIN',
  `username` varchar(50) COLLATE utf8mb4_unicode_ci DEFAULT NULL COMMENT 'Tên tài khoản',
  `salt` varchar(200) COLLATE utf8mb4_unicode_ci DEFAULT NULL,
  `password` varchar(191) COLLATE utf8mb4_unicode_ci NOT NULL,
  `fullname` varchar(50) COLLATE utf8mb4_unicode_ci DEFAULT NULL COMMENT 'Họ và tên người dùng',
  `birthday` varchar(50) COLLATE utf8mb4_unicode_ci DEFAULT NULL COMMENT 'Ngày sinh',
  `address` varchar(255) COLLATE utf8mb4_unicode_ci DEFAULT NULL COMMENT 'Địa chỉ',
  `avatar` varchar(255) COLLATE utf8mb4_unicode_ci DEFAULT NULL COMMENT 'Ảnh đại diện',
  `email` varchar(191) COLLATE utf8mb4_unicode_ci NOT NULL COMMENT 'Email của người dùng',
  `email_paypal` varchar(191) COLLATE utf8mb4_unicode_ci DEFAULT NULL COMMENT 'Email tài khoản paypal',
  `phone` varchar(15) COLLATE utf8mb4_unicode_ci DEFAULT NULL COMMENT 'Số điện thoại',
  `gender` tinyint(1) DEFAULT NULL COMMENT 'Giới tính: 1 - Male, 2 - Female',
  `website` varchar(191) COLLATE utf8mb4_unicode_ci DEFAULT NULL COMMENT 'website KH',
  `email_verified_at` timestamp NULL DEFAULT NULL COMMENT 'Thời gian gửi xác nhận email',
  `notes` text COLLATE utf8mb4_unicode_ci DEFAULT NULL COMMENT 'Ghi chú về tài khoản này nếu có',
  `remember_token` varchar(100) COLLATE utf8mb4_unicode_ci DEFAULT NULL,
  `is_admin` tinyint(1) DEFAULT 0 COMMENT '1: Là admin, 0: Là user',
  `total_order` int(5) DEFAULT NULL COMMENT 'Tổng số đơn hàng',
  `status` tinyint(4) NOT NULL DEFAULT 1 COMMENT 'Trạng thái: 0 (Tài khoản chưa được kích hoạt), 1 (Tài khoản đang hoạt động), 2 (Tài khoản đang tạm khóa), 3 (Tài khoản đã bị khóa)',
  `manager_by` int(11) DEFAULT NULL COMMENT 'ID của sale quản lý',
  `last_login` datetime DEFAULT NULL COMMENT 'Đăng nhập lần cuối',
  `last_logout` datetime DEFAULT NULL COMMENT 'Đăng xuất lần cuối',
  `created_at` timestamp NULL DEFAULT NULL,
  `updated_at` timestamp NULL DEFAULT NULL,
  `deleted_at` timestamp NULL DEFAULT NULL,
  PRIMARY KEY (`id`),
  UNIQUE KEY `users_email_unique` (`email`),
  UNIQUE KEY `users_username_unique` (`username`)
) ENGINE=InnoDB AUTO_INCREMENT=17 DEFAULT CHARSET=utf8mb4 COLLATE=utf8mb4_unicode_ci;

/*Data for the table `users` */

insert  into `users`(`id`,`group_id`,`account_type`,`username`,`salt`,`password`,`fullname`,`birthday`,`address`,`avatar`,`email`,`email_paypal`,`phone`,`gender`,`website`,`email_verified_at`,`notes`,`remember_token`,`is_admin`,`total_order`,`status`,`manager_by`,`last_login`,`last_logout`,`created_at`,`updated_at`,`deleted_at`) values (1,1,'CUSTOMER','customer',NULL,'$2y$10$.eZX1nj4Op9rSMzbIAr9HubgG8onkAsrLrFbG84zUtHHzfM0TwkYC','Đoan Phạm New','1991-09-11 00:00:00','Hà Nội, Việt Nam','uploads/avatar/2021/10/1633625491_1.jpg','customer@gmail.com','doan281@gmail.com','84947097097',1,NULL,NULL,NULL,'SYKl1GjMyjtcWJya2IfBIqC16UAg3snd1jPcKPigtkquYJriYkRopyJL9cqu',0,0,1,9,NULL,NULL,'2021-08-15 12:35:53','2021-10-07 23:51:31',NULL),(2,2,'SALE','sale',NULL,'$2y$10$DyszWjBh3AhMl2PEnJLRUOgWdSMerGStdMXTSaVyDcQXDo5b5Kuda','Sale Đặng','1991-09-11','Hà Nội, Việt Nam',NULL,'sale@gmail.com',NULL,NULL,1,NULL,NULL,NULL,'mIu0L22sRj6UibwkllRjgYvOoTtSB2viVPn18t9UZKJStQy1ujMnGsiViFUs',1,0,1,NULL,NULL,NULL,'2021-08-15 12:35:53','2021-08-15 12:35:53',NULL),(3,3,'ADMIN','admin',NULL,'$2y$10$Xrv7G5LrUgaWF/lw55qrzOyW9YpjMRn/1PdW9W2XIgEkjkxmmQ0F2','Admin Đặng','1991-09-11','Hà Nội, Việt Nam',NULL,'admin@gmail.com',NULL,NULL,1,NULL,NULL,NULL,'Zu1TGPWLf5TewmDXHp6HsumE0GqULfqmuFsToJsaMotkkenlo0HKK87GIeb1',0,0,1,NULL,NULL,NULL,'2021-08-15 12:35:53','2021-08-15 12:35:53',NULL),(4,4,'EDITOR','editor',NULL,'$2y$10$R.zyH7P6WCcRgC/o20F60OmlWuuesfGENtYicj.e6TLG04p9pge8i','Editor Đặng','1991-09-11','Hà Nội, Việt Nam',NULL,'editor@gmail.com',NULL,NULL,1,NULL,NULL,NULL,'2w4JKVnlte3CGQOiDfMPsHKgQXKyTuiRV6QjHVOZRu97dEpUMpTrgUPEDVAP',0,0,1,NULL,NULL,NULL,'2021-08-15 12:35:53','2021-08-15 12:35:53',NULL),(5,5,'QAQC','qaqc',NULL,'$2y$10$C66J0tZagPxokDhOCPV3ruzhCLeDwGua48saZH9sDG1t.sTRhn6ye','QAQC Đặng','1991-09-11','Hà Nội, Việt Nam',NULL,'qaqc@gmail.com',NULL,NULL,1,NULL,NULL,NULL,'Nu9ahF9vglJH0AqeHV5iykbD1AVLZOp0f0L2etokq0m2trkyoPurzYVVESGJ',0,0,1,NULL,NULL,NULL,'2021-08-15 12:35:53','2021-08-15 12:35:53',NULL),(6,6,'SUPER_ADMIN','superadmin',NULL,'$2y$10$t7nR9Z.2WjFr3rBujPJKfe/8coW4dEP0ySRaoxEPBOgamIXZE98cm','SuperAdmin Đặng','1991-09-11','Hà Nội, Việt Nam',NULL,'superadmin@gmail.com',NULL,NULL,1,NULL,NULL,NULL,'5Ibrrp4MH2ogQYVSY0zlDa4hRp3aaeqCbtZXI6EaBzhNIUuR55MbuXrLHC9H',0,0,1,NULL,NULL,NULL,'2021-08-15 12:35:53','2021-08-15 12:35:53',NULL),(8,2,'SALE','doanpv.sale',NULL,'$2y$10$DyszWjBh3AhMl2PEnJLRUOgWdSMerGStdMXTSaVyDcQXDo5b5Kuda','Sale Đoan','1991-09-11','Hà Nội, Việt Nam',NULL,'doanpv.sale@gmail.com',NULL,NULL,1,NULL,NULL,NULL,'pVHkbfR5sNnUEKIf8D3TRgshvLyopFYAL1oyMHU335ADAfSVVc9g0Vr9yo07',0,0,1,NULL,NULL,NULL,'2021-08-15 12:35:53','2021-08-15 12:35:53',NULL),(9,2,'SALE','minh.sale',NULL,'$2y$10$DyszWjBh3AhMl2PEnJLRUOgWdSMerGStdMXTSaVyDcQXDo5b5Kuda','Sale Minh','1991-09-11','Hà Nội, Việt Nam',NULL,'minh.sale@gmail.com',NULL,NULL,1,NULL,NULL,NULL,'vE66ZRveCr6NoP156GfmtkEtGKitBohZEk7k01FNd0tGBL0sETdI9ePUmfT9',0,0,1,NULL,NULL,NULL,'2021-08-15 12:35:53','2021-08-15 12:35:53',NULL),(10,1,'CUSTOMER','hoangdang',NULL,'$2y$10$.eZX1nj4Op9rSMzbIAr9HubgG8onkAsrLrFbG84zUtHHzfM0TwkYC','Johny Đặng','1991-09-11','Hà Nội, Việt Nam',NULL,'hoangdang@gmail.com','invoice@fotober.com',NULL,1,NULL,NULL,NULL,'MvLD8AAewXa7aEjiB8TY4GoiSz8YuzKqvZK4ne1QhZCjKEjiel34OPZ9feTF',0,0,1,8,NULL,NULL,'2021-08-15 12:35:53','2021-09-14 23:26:44',NULL),(11,1,'CUSTOMER','chuottui281@gmail.com',NULL,'$2y$10$e2.qAE3gFy6fZ.FDwQmG2uZTip94Wihx9GLN7pzufJ9EPBc2P1X7i','Lưu Thanh Trang',NULL,NULL,NULL,'chuottui281@gmail.com',NULL,NULL,NULL,NULL,NULL,NULL,'uif0RqY44BmvMJqKKeSB0LlP1hdGxsVaRkG7g4O2ghPrslHnA2IArBCiCEbl',0,NULL,1,NULL,NULL,NULL,'2021-09-22 15:10:29','2021-09-22 15:15:23',NULL),(12,1,'CUSTOMER','tranvanminh30398@gmail.com',NULL,'$2y$10$vsgtP9QLbGlLB/S/0d8DIu3xkRHDEMBzt1AuO3qSXGq3phz0bznHa','Minh Tran',NULL,NULL,NULL,'tranvanminh30398@gmail.com','tranvanminh30398@gmail.com','0326786633',NULL,NULL,NULL,NULL,'mmUkVf2I38LciHvMMm8uADogDR7ibjZIu2c2SejAOwJxW1ZUhbxCjXHc9y5W',0,NULL,1,9,NULL,NULL,'2021-09-25 17:26:47','2021-09-25 21:04:08',NULL),(13,1,'CUSTOMER','hoang.dangtc@gmail.com',NULL,'$2y$10$sEmPQRIUomm.LhTC5zEa2uwD66eBTzt1DFfpk1ZwN7ivozu2LUvhe','Thomas Peeler','2008-01-03','40 Nguyen Thi Dinh Street, Thanh Xuan district\r\nKhuat Duy Tien 164',NULL,'hoang.dangtc@gmail.com',NULL,'84888314141',1,NULL,NULL,NULL,NULL,0,NULL,0,6,NULL,NULL,'2021-10-13 15:16:05','2021-10-13 15:16:05',NULL),(14,1,'CUSTOMER','anhtuan@gmail.com',NULL,'$2y$10$FYYiR0/zo0Pil/4LqODWUOnt8Zpm2CftMA1/YnIXc3yTWCN0rLqVC','Tuan Anh','2021-10-06','40 Nguyen Thi Dinh Street, Thanh Xuan district\r\nKhuat Duy Tien 164',NULL,'anhtuan@gmail.com',NULL,'84888314143',1,NULL,NULL,NULL,'zUcmbykO0ZqZ9HAPhu7x96zkkNn2xXZtweJfNUddWlMNvK2heBatgCow6c8f',0,NULL,0,6,NULL,NULL,'2021-10-13 15:37:03','2021-10-13 15:37:03',NULL),(15,1,'CUSTOMER','dan@gmail.com',NULL,'$2y$10$HymdZ/0QBMBktcrx0zp2QexkQZGhQMwbjJyvHmU6EPRPtY6RH4b7q','Dan','2021-10-05','Ha Tri, Ha Cau, Ha Dong, Ha Noi',NULL,'dan@gmail.com',NULL,'84987355668',1,NULL,NULL,NULL,NULL,0,NULL,1,6,NULL,NULL,'2021-10-13 15:50:46','2021-10-13 15:50:46',NULL),(16,1,'CUSTOMER','wes@gmail.com',NULL,'$2y$10$kut2fLpKlMtscVrxfy/0Jekf/c3NoJaAXR3.6cw0FKTT.Eefgd8/S','Wes','1970-01-01 08:00:00',NULL,NULL,'wes@gmail.com',NULL,'',NULL,NULL,NULL,NULL,'kpepWqeqGrq2ReBatxyvhFpjm9eW3mMvvk5MnnCpRkt3ylvtoKs52KBiwGcj',0,NULL,1,8,NULL,NULL,'2021-10-14 14:47:14','2021-10-14 15:54:32',NULL);

/*!40101 SET SQL_MODE=@OLD_SQL_MODE */;
/*!40014 SET FOREIGN_KEY_CHECKS=@OLD_FOREIGN_KEY_CHECKS */;
/*!40014 SET UNIQUE_CHECKS=@OLD_UNIQUE_CHECKS */;
/*!40111 SET SQL_NOTES=@OLD_SQL_NOTES */;
